MANDT,MATNR,MEINH,UMREZ,UMREN,EANNR,EAN11,NUMTP,LAENG,BREIT,HOEHE,MEABM,VOLUM,VOLEH,BRGEW,GEWEI,MESUB,ATINN,MESRT,XFHDW,XBEWW,KZWSO,MSEHI,BFLME_MARM,GTIN_VARIANT,NEST_FTR,MAX_STACK,CAPAUSE,TY2TQ
400,H20-02-62C02,A,1,1, , , ,0,0,0, ,0, ,0, , ,0,0, , , , , , ,0,0,0, 
400,H20-074104-62C02,A,1,1, , , ,0,0,0, ,0, ,0, , ,0,0, , , , , , ,0,0,0, 
400,200132,G,1,1, , , ,0,0,0, ,0, ,0,LB, ,0,0, , , , , , ,0,0,0, 
400,500003,G,1,1, , , ,0,0,0, ,0, ,0,LB, ,0,0, , , , , , ,0,0,0, 
400,P91229,G,1,1, , , ,0,0,0, ,0, ,0,LB, ,0,0, , , , , , ,0,0,0, 
400,P04333J,G,1,1, , , ,0,0,0, ,0, ,0,KG, ,0,0, , , , , , ,0,0,0, 
400,P04497J,G,1,1, , , ,0,0,0, ,0, ,0,KG, ,0,0, , , , , , ,0,0,0, 
400,P04659J,G,1,1, , , ,0,0,0, ,0, ,0,KG, ,0,0, , , , , , ,0,0,0, 
400,P05581J,G,1,1, , , ,0,0,0, ,0, ,0,KG, ,0,0, , , , , , ,0,0,0, 
400,P05908J,G,1,1, , , ,0,0,0, ,0, ,0,KG, ,0,0, , , , , , ,0,0,0, 
400,P91230,G,1,1, , , ,0,0,0, ,0, ,0,KG, ,0,0, , , , , , ,0,0,0, 
400,4010649-4,G,1,1, , , ,0,0,0, ,0, ,0,KG, ,0,0, , , , , , ,0,0,0, 
400,CAMP-000160-NPD-L,G,1,10000, , , ,0,0,0, ,0, ,0, , ,0,0, , , , , , ,0,0,0, 
400,CAMP003012NPD-L,G,1,10000, , , ,0,0,0, ,0, ,0, , ,0,0, , , , , , ,0,0,0, 
400,CAMP000160NPD-L,G,1,10000, , , ,0,0,0, ,0, ,0, , ,0,0, , , , , , ,0,0,0, 
400,COWN100044,G,1,10000, , , ,0,0,0, ,0, ,0, , ,0,0, , , , , , ,0,0,0, 
400,QCCVATX01K,G,1,1505, , , ,0,0,0, ,0, ,0, , ,0,0, , , , , , ,0,0,0, 
400,500001-C,G,1,1501, , , ,0,0,0, ,0, ,0, , ,0,0, , , , , , ,0,0,0, 
400,55-DD-002100,G,1,1501, , , ,0,0,0, ,0, ,0, , ,0,0, , , , , , ,0,0,0, 
400,55-002100,G,1,1501, , , ,0,0,0, ,0, ,0, , ,0,0, , , , , , ,0,0,0, 
400,215-17409-00,G,1,1501, , , ,0,0,0, ,0, ,0, , ,0,0, , , , , , ,0,0,0, 
400,P05580J,G,1,1, , , ,0,0,0, ,0, ,0,KG, ,0,0, , , , , , ,0,0,0, 
400,50-000092,G,1,1, , , ,0,0,0, ,0, ,0,KG, ,0,0, , , , , , ,0,0,0, 
400,638-00009-00,G,1,1, , , ,0,0,0, ,0, ,0,KG, ,0,0, , , , , , ,0,0,0, 
400,50-000090N,G,1,1, , , ,0,0,0, ,0, ,0,KG, ,0,0, , , , , , ,0,0,0, 
400,PMFI-TEOS,G,1,1, , , ,0,0,0, ,0, ,0,KG, ,0,0, , , , , , ,0,0,0, 
400,PMFI-TEOS2,G,1,1, , , ,0,0,0, ,0, ,0,KG, ,0,0, , , , , , ,0,0,0, 
400,5012752,G,1,1, , , ,0,0,0, ,0, ,0,KG, ,0,0, , , , , , ,0,0,0, 
400,5012769,G,1,1, , , ,0,0,0, ,0, ,0,KG, ,0,0, , , , , , ,0,0,0, 
400,5012773,G,1,1, , , ,0,0,0, ,0, ,0,KG, ,0,0, , , , , , ,0,0,0, 
400,3000385,G,1,1, , , ,0,0,0, ,0, ,0,KG, ,0,0, , , , , , ,0,0,0, 
400,3005190,G,1,1, , , ,0,0,0, ,0, ,0,KG, ,0,0, , , , , , ,0,0,0, 
400,4003217,G,1,1, , , ,0,0,0, ,0, ,0,KG, ,0,0, , , , , , ,0,0,0, 
400,4003450,G,1,1, , , ,0,0,0, ,0, ,0,KG, ,0,0, , , , , , ,0,0,0, 
400,JOPPA27,G,1,1, , , ,0,0,0, ,0, ,0,LB, ,0,0, , , , , , ,0,0,0, 
400,CZFI-TEMAZ101,G,1,1, , , ,0,0,0, ,0, ,0,LB, ,0,0, , , , , , ,0,0,0, 
400,CZFI-CH2I2,G,1,1, , , ,0,0,0, ,0, ,0,LB, ,0,0, , , , , , ,0,0,0, 
400,CAMP-100063-NPD-L,G,1,1, , , ,0,0,0, ,0, ,0,LB, ,0,0, , , , , , ,0,0,0, 
400,CAMP-091105-NPD-L,G,1,1, , , ,0,0,0, ,0, ,0,LB, ,0,0, , , , , , ,0,0,0, 
400,COWN-100044,G,1,1, , , ,0,0,0, ,0, ,0,LB, ,0,0, , , , , , ,0,0,0, 
400,COWN-100063-AMAT-7,G,1,1, , , ,0,0,0, ,0, ,0,LB, ,0,0, , , , , , ,0,0,0, 
400,CZFI-BOMBAY,G,1,1, , , ,0,0,0, ,0, ,0,LB, ,0,0, , , , , , ,0,0,0, 
400,CZFG-1001792,G,1,7000, , , ,0,0,0, ,0, ,0, , ,0,0, , , , , , ,0,0,0, 
400,ATO-GZ12-CA,G,1,1, , , ,0,0,0, ,0, ,1,LB, ,0,0, , , , , , ,0,0,0, 
400,SR20-SAJ05,G,1,1, , , ,0,0,0, ,0, ,0.001,LB, ,0,0, , , , , , ,0,0,0, 
400,SR20-SBE05,G,1,1, , , ,0,0,0, ,0, ,0.001,LB, ,0,0, , , , , , ,0,0,0, 
400,SR20-SAJ05-ML,G,1,1, , , ,0,0,0, ,0, ,0.001,LB, ,0,0, , , , , , ,0,0,0, 
400,01-004404R,G,1,1, , , ,0,0,0, ,0, ,0.002,LB, ,0,0, , , , , , ,0,0,0, 
400,103-F,G,5,2268, , , ,0,0,0, ,0, ,0, , ,0,0, , , , , , ,0,0,0, 
400,01-1013734,G,5,2268, , , ,0,0,0, ,0, ,0, , ,0,0, , , , , , ,0,0,0, 
400,01-006012,G,2589,92774, , , ,0,0,0, ,0, ,0, , ,0,0, , , , , , ,0,0,0, 
400,606-457,G,1061,92404, , , ,0,0,0, ,0, ,0, , ,0,0, , , , , , ,0,0,0, 
400,607-148,G,1094,84361, , , ,0,0,0, ,0, ,0, , ,0,0, , , , , , ,0,0,0, 
400,607-149,G,395,37626, , , ,0,0,0, ,0, ,0, , ,0,0, , , , , , ,0,0,0, 
400,606-456,G,458,35733, , , ,0,0,0, ,0, ,0, , ,0,0, , , , , , ,0,0,0, 
400,P400007,G,1,1, , , ,0,0,0, ,0, ,0,LB, ,0,0, , , , , , ,0,0,0, 
400,P400008,G,1,1, , , ,0,0,0, ,0, ,0,LB, ,0,0, , , , , , ,0,0,0, 
400,P400016,G,1,1, , , ,0,0,0, ,0, ,0,LB, ,0,0, , , , , , ,0,0,0, 
400,P400017,G,1,1, , , ,0,0,0, ,0, ,0,LB, ,0,0, , , , , , ,0,0,0, 
400,PMFI-4MS-S,G,1,1, , , ,0,0,0, ,0, ,0,KG, ,0,0, , , , , , ,0,0,0, 
400,4004176-1-GP,G,1,1, , , ,0,0,0, ,0, ,0,KG, ,0,0, , , , , , ,0,0,0, 
400,4004176-5-GP,G,1,1, , , ,0,0,0, ,0, ,0,KG, ,0,0, , , , , , ,0,0,0, 
400,4004534-1,G,1,1, , , ,0,0,0, ,0, ,0,KG, ,0,0, , , , , , ,0,0,0, 
400,4012663-1,G,1,1, , , ,0,0,0, ,0, ,0,KG, ,0,0, , , , , , ,0,0,0, 
400,4009538-1,G,1,1, , , ,0,0,0, ,0, ,0,KG, ,0,0, , , , , , ,0,0,0, 
400,4009852-1,G,1,1, , , ,0,0,0, ,0, ,0,KG, ,0,0, , , , , , ,0,0,0, 
400,4003217-1,G,1,1, , , ,0,0,0, ,0, ,0,KG, ,0,0, , , , , , ,0,0,0, 
400,4003217-3,G,1,1, , , ,0,0,0, ,0, ,0,KG, ,0,0, , , , , , ,0,0,0, 
400,4003217-4,G,1,1, , , ,0,0,0, ,0, ,0,KG, ,0,0, , , , , , ,0,0,0, 
400,4003217-5,G,1,1, , , ,0,0,0, ,0, ,0,KG, ,0,0, , , , , , ,0,0,0, 
400,4003217-6,G,1,1, , , ,0,0,0, ,0, ,0,KG, ,0,0, , , , , , ,0,0,0, 
400,4018250-A,G,1,1, , , ,0,0,0, ,0, ,0,KG, ,0,0, , , , , , ,0,0,0, 
400,4018250-B,G,1,1, , , ,0,0,0, ,0, ,0,KG, ,0,0, , , , , , ,0,0,0, 
400,4018250-C,G,1,1, , , ,0,0,0, ,0, ,0,KG, ,0,0, , , , , , ,0,0,0, 
400,4018250-D,G,1,1, , , ,0,0,0, ,0, ,0,KG, ,0,0, , , , , , ,0,0,0, 
400,4010649-1,G,1,1, , , ,0,0,0, ,0, ,0,KG, ,0,0, , , , , , ,0,0,0, 
400,4010649-2,G,1,1, , , ,0,0,0, ,0, ,0,KG, ,0,0, , , , , , ,0,0,0, 
400,4010649-3,G,1,1, , , ,0,0,0, ,0, ,0,KG, ,0,0, , , , , , ,0,0,0, 
400,4014204-1,G,1,1, , , ,0,0,0, ,0, ,0,KG, ,0,0, , , , , , ,0,0,0, 
400,4004176-2,G,1,1, , , ,0,0,0, ,0, ,0,KG, ,0,0, , , , , , ,0,0,0, 
400,4004176-4,G,1,1, , , ,0,0,0, ,0, ,0,KG, ,0,0, , , , , , ,0,0,0, 
400,4011302-1,G,1,1, , , ,0,0,0, ,0, ,0,KG, ,0,0, , , , , , ,0,0,0, 
400,4011555-1,G,1,1, , , ,0,0,0, ,0, ,0,KG, ,0,0, , , , , , ,0,0,0, 
400,4011555-2,G,1,1, , , ,0,0,0, ,0, ,0,KG, ,0,0, , , , , , ,0,0,0, 
400,4011556-1,G,1,1, , , ,0,0,0, ,0, ,0,KG, ,0,0, , , , , , ,0,0,0, 
400,4016289-1,G,1,1, , , ,0,0,0, ,0, ,0,KG, ,0,0, , , , , , ,0,0,0, 
400,4016290-1,G,1,1, , , ,0,0,0, ,0, ,0,KG, ,0,0, , , , , , ,0,0,0, 
400,4020782-1,G,1,1, , , ,0,0,0, ,0, ,0,KG, ,0,0, , , , , , ,0,0,0, 
400,4012361-1,G,1,1, , , ,0,0,0, ,0, ,0,KG, ,0,0, , , , , , ,0,0,0, 
400,4012361-2,G,1,1, , , ,0,0,0, ,0, ,0,KG, ,0,0, , , , , , ,0,0,0, 
400,4012361-3,G,1,1, , , ,0,0,0, ,0, ,0,KG, ,0,0, , , , , , ,0,0,0, 
400,4012361-4,G,1,1, , , ,0,0,0, ,0, ,0,KG, ,0,0, , , , , , ,0,0,0, 
400,4017100-1,G,1,1, , , ,0,0,0, ,0, ,0,KG, ,0,0, , , , , , ,0,0,0, 
400,4021641-1,G,1,1, , , ,0,0,0, ,0, ,0,KG, ,0,0, , , , , , ,0,0,0, 
400,4M1004,G,1,1, , , ,0,0,0, ,0, ,0,KG, ,0,0, , , , , , ,0,0,0, 
400,4M1031,G,1,1, , , ,0,0,0, ,0, ,0,KG, ,0,0, , , , , , ,0,0,0, 
400,4M1042,G,1,1, , , ,0,0,0, ,0, ,0,KG, ,0,0, , , , , , ,0,0,0, 
400,5F0305,G,1,1, , , ,0,0,0, ,0, ,0,KG, ,0,0, , , , , , ,0,0,0, 
400,5F0417,G,1,1, , , ,0,0,0, ,0, ,0,KG, ,0,0, , , , , , ,0,0,0, 
400,5F0458,G,1,1, , , ,0,0,0, ,0, ,0,KG, ,0,0, , , , , , ,0,0,0, 
400,5F0499,G,1,1, , , ,0,0,0, ,0, ,0,KG, ,0,0, , , , , , ,0,0,0, 
400,5M06021,G,1,1, , , ,0,0,0, ,0, ,0,KG, ,0,0, , , , , , ,0,0,0, 
400,5M06022,G,1,1, , , ,0,0,0, ,0, ,0,KG, ,0,0, , , , , , ,0,0,0, 
400,5M06023,G,1,1, , , ,0,0,0, ,0, ,0,KG, ,0,0, , , , , , ,0,0,0, 
400,5M06028,G,1,1, , , ,0,0,0, ,0, ,0,KG, ,0,0, , , , , , ,0,0,0, 
400,5M1003,G,1,1, , , ,0,0,0, ,0, ,0,KG, ,0,0, , , , , , ,0,0,0, 
400,5M1004,G,1,1, , , ,0,0,0, ,0, ,0,KG, ,0,0, , , , , , ,0,0,0, 
400,202-66-01,G,1,2506, , , ,0,0,0, ,0, ,0, , ,0,0, , , , , , ,0,0,0, 
400,606-152,G,458,35733, , , ,0,0,0, ,0, ,0, , ,0,0, , , , , , ,0,0,0, 
400,LGP-PER-DIEM-INTL,H,1,1, , , ,0,0,0, ,0, ,0,KG, ,0,0, , , , , , ,0,0,0, 
400,LGP-TRAVEL-AUTO,H,1,1, , , ,0,0,0, ,0, ,0,KG, ,0,0, , , , , , ,0,0,0, 
400,LGP-TRAVEL-AIR,H,1,1, , , ,0,0,0, ,0, ,0,KG, ,0,0, , , , , , ,0,0,0, 
400,LGP-SERVICE-OT,H,1,1, , , ,0,0,0, ,0, ,0,KG, ,0,0, , , , , , ,0,0,0, 
400,LGP-SERVICE-WKND,H,1,1, , , ,0,0,0, ,0, ,0,KG, ,0,0, , , , , , ,0,0,0, 
400,LGP-SERVICE-HOLIDA,H,1,1, , , ,0,0,0, ,0, ,0,KG, ,0,0, , , , , , ,0,0,0, 
400,LGP-SERVICE-REG,H,1,1, , , ,0,0,0, ,0, ,0,KG, ,0,0, , , , , , ,0,0,0, 
400,LGP-PER-DIEM-DOMES,H,1,1, , , ,0,0,0, ,0, ,0,KG, ,0,0, , , , , , ,0,0,0, 
400,P91278,L,1,1, , , ,0,0,0, ,0, ,0,LB, ,0,0, , , , , , ,0,0,0, 
400,P05189J,L,1,1, , , ,0,0,0, ,0, ,0,KG, ,0,0, , , , , , ,0,0,0, 
400,P92074,L,1,1, , , ,0,0,0, ,0, ,0,KG, ,0,0, , , , , , ,0,0,0, 
400,P92077,L,1,1, , , ,0,0,0, ,0, ,0,KG, ,0,0, , , , , , ,0,0,0, 
400,P92090,L,1,1, , , ,0,0,0, ,0, ,0,KG, ,0,0, , , , , , ,0,0,0, 
400,P92112,L,1,1, , , ,0,0,0, ,0, ,0,KG, ,0,0, , , , , , ,0,0,0, 
400,7151854,L,1,1, , , ,0,0,0, ,0, ,0,KG, ,0,0, , , , , , ,0,0,0, 
400,TEST,L,1,10, , , ,0,0,0, ,0, ,0, , ,0,0, , , , , , ,0,0,0, 
400,P91049,L,15625,59146, , , ,0,0,0, ,0, ,0, , ,0,0, , , , , , ,0,0,0, 
400,P400016,L,20000,20, , , ,0,0,0, ,0, ,0, , ,0,0, , , , , , ,0,0,0, 
400,P05975J,L,1,1, , , ,0,0,0, ,0, ,0,KG, ,0,0, , , , , , ,0,0,0, 
400,P35797,L,1,1, , , ,0,0,0, ,0, ,0,LB, ,0,0, , , , , , ,0,0,0, 
400,P36058,L,1,1, , , ,0,0,0, ,0, ,0,LB, ,0,0, , , , , , ,0,0,0, 
400,P74529,L,1,1, , , ,0,0,0, ,0, ,0,LB, ,0,0, , , , , , ,0,0,0, 
400,P74702,L,1,1, , , ,0,0,0, ,0, ,0,LB, ,0,0, , , , , , ,0,0,0, 
400,P91116,L,1,1, , , ,0,0,0, ,0, ,0,LB, ,0,0, , , , , , ,0,0,0, 
400,P91135,L,1,1, , , ,0,0,0, ,0, ,0,LB, ,0,0, , , , , , ,0,0,0, 
400,P92118,L,1,1, , , ,0,0,0, ,0, ,0,KG, ,0,0, , , , , , ,0,0,0, 
400,P02739J,M,1,1, , , ,0,0,0, ,0, ,0,KG, ,0,0, , , , , , ,0,0,0, 
400,P02798J,M,1,1, , , ,0,0,0, ,0, ,0,KG, ,0,0, , , , , , ,0,0,0, 
400,P02819J,M,1,1, , , ,0,0,0, ,0, ,0,KG, ,0,0, , , , , , ,0,0,0, 
400,P02821J,M,1,1, , , ,0,0,0, ,0, ,0,KG, ,0,0, , , , , , ,0,0,0, 
400,P02913J,M,1,1, , , ,0,0,0, ,0, ,0,KG, ,0,0, , , , , , ,0,0,0, 
400,P02914J,M,1,1, , , ,0,0,0, ,0, ,0,KG, ,0,0, , , , , , ,0,0,0, 
400,P02981J,M,1,1, , , ,0,0,0, ,0, ,0,KG, ,0,0, , , , , , ,0,0,0, 
400,P02982J,M,1,1, , , ,0,0,0, ,0, ,0,KG, ,0,0, , , , , , ,0,0,0, 
400,P02983J,M,1,1, , , ,0,0,0, ,0, ,0,KG, ,0,0, , , , , , ,0,0,0, 
400,P03033J,M,1,1, , , ,0,0,0, ,0, ,0,KG, ,0,0, , , , , , ,0,0,0, 
400,P03044J,M,1,1, , , ,0,0,0, ,0, ,0,KG, ,0,0, , , , , , ,0,0,0, 
400,P03212J,M,1,1, , , ,0,0,0, ,0, ,0,KG, ,0,0, , , , , , ,0,0,0, 
400,P03280J,M,1,1, , , ,0,0,0, ,0, ,0,KG, ,0,0, , , , , , ,0,0,0, 
400,P03282J,M,1,1, , , ,0,0,0, ,0, ,0,KG, ,0,0, , , , , , ,0,0,0, 
400,P03384J,M,1,1, , , ,0,0,0, ,0, ,0,KG, ,0,0, , , , , , ,0,0,0, 
400,P03779J,M,1,1, , , ,0,0,0, ,0, ,0,KG, ,0,0, , , , , , ,0,0,0, 
400,P03780J,M,1,1, , , ,0,0,0, ,0, ,0,KG, ,0,0, , , , , , ,0,0,0, 
400,P03995J,M,1,1, , , ,0,0,0, ,0, ,0,KG, ,0,0, , , , , , ,0,0,0, 
400,P04110J,M,1,1, , , ,0,0,0, ,0, ,0,KG, ,0,0, , , , , , ,0,0,0, 
400,P04111J,M,1,1, , , ,0,0,0, ,0, ,0,KG, ,0,0, , , , , , ,0,0,0, 
400,P04339J,M,1,1, , , ,0,0,0, ,0, ,0,KG, ,0,0, , , , , , ,0,0,0, 
400,P04373J,M,1,1, , , ,0,0,0, ,0, ,0,KG, ,0,0, , , , , , ,0,0,0, 
400,P04418J,M,1,1, , , ,0,0,0, ,0, ,0,KG, ,0,0, , , , , , ,0,0,0, 
400,P04419J,M,1,1, , , ,0,0,0, ,0, ,0,KG, ,0,0, , , , , , ,0,0,0, 
400,P04420J,M,1,1, , , ,0,0,0, ,0, ,0,KG, ,0,0, , , , , , ,0,0,0, 
400,P04421J,M,1,1, , , ,0,0,0, ,0, ,0,KG, ,0,0, , , , , , ,0,0,0, 
400,P04448J,M,1,1, , , ,0,0,0, ,0, ,0,KG, ,0,0, , , , , , ,0,0,0, 
400,P04553J,M,1,1, , , ,0,0,0, ,0, ,0,KG, ,0,0, , , , , , ,0,0,0, 
400,P04559J,M,1,1, , , ,0,0,0, ,0, ,0,KG, ,0,0, , , , , , ,0,0,0, 
400,P04583J,M,1,1, , , ,0,0,0, ,0, ,0,KG, ,0,0, , , , , , ,0,0,0, 
400,P04584J,M,1,1, , , ,0,0,0, ,0, ,0,KG, ,0,0, , , , , , ,0,0,0, 
400,P04697J,M,1,1, , , ,0,0,0, ,0, ,0,KG, ,0,0, , , , , , ,0,0,0, 
400,P04698J,M,1,1, , , ,0,0,0, ,0, ,0,KG, ,0,0, , , , , , ,0,0,0, 
400,P04722J,M,1,1, , , ,0,0,0, ,0, ,0,KG, ,0,0, , , , , , ,0,0,0, 
400,P04768J,M,1,1, , , ,0,0,0, ,0, ,0,KG, ,0,0, , , , , , ,0,0,0, 
400,P04774J,M,1,1, , , ,0,0,0, ,0, ,0,KG, ,0,0, , , , , , ,0,0,0, 
400,P04775J,M,1,1, , , ,0,0,0, ,0, ,0,KG, ,0,0, , , , , , ,0,0,0, 
400,P04789J,M,1,1, , , ,0,0,0, ,0, ,0,KG, ,0,0, , , , , , ,0,0,0, 
400,P04790J,M,1,1, , , ,0,0,0, ,0, ,0,KG, ,0,0, , , , , , ,0,0,0, 
400,P04791J,M,1,1, , , ,0,0,0, ,0, ,0,KG, ,0,0, , , , , , ,0,0,0, 
400,P04799J,M,1,1, , , ,0,0,0, ,0, ,0,KG, ,0,0, , , , , , ,0,0,0, 
400,P04880J,M,1,1, , , ,0,0,0, ,0, ,0,KG, ,0,0, , , , , , ,0,0,0, 
400,P04881J,M,1,1, , , ,0,0,0, ,0, ,0,KG, ,0,0, , , , , , ,0,0,0, 
400,P04977J,M,1,1, , , ,0,0,0, ,0, ,0,KG, ,0,0, , , , , , ,0,0,0, 
400,P04993J,M,1,1, , , ,0,0,0, ,0, ,0,KG, ,0,0, , , , , , ,0,0,0, 
400,P04998J,M,1,1, , , ,0,0,0, ,0, ,0,KG, ,0,0, , , , , , ,0,0,0, 
400,P05063J,M,1,1, , , ,0,0,0, ,0, ,0,KG, ,0,0, , , , , , ,0,0,0, 
400,P05064J,M,1,1, , , ,0,0,0, ,0, ,0,KG, ,0,0, , , , , , ,0,0,0, 
400,P05087J,M,1,1, , , ,0,0,0, ,0, ,0,KG, ,0,0, , , , , , ,0,0,0, 
400,P05096J,M,1,1, , , ,0,0,0, ,0, ,0,KG, ,0,0, , , , , , ,0,0,0, 
400,P05151J,M,1,1, , , ,0,0,0, ,0, ,0,KG, ,0,0, , , , , , ,0,0,0, 
400,P05192J,M,1,1, , , ,0,0,0, ,0, ,0,KG, ,0,0, , , , , , ,0,0,0, 
400,P05196J,M,1,1, , , ,0,0,0, ,0, ,0,KG, ,0,0, , , , , , ,0,0,0, 
400,P05213J,M,1,1, , , ,0,0,0, ,0, ,0,KG, ,0,0, , , , , , ,0,0,0, 
400,P05249J,M,1,1, , , ,0,0,0, ,0, ,0,KG, ,0,0, , , , , , ,0,0,0, 
400,P05282J,M,1,1, , , ,0,0,0, ,0, ,0,KG, ,0,0, , , , , , ,0,0,0, 
400,P05283J,M,1,1, , , ,0,0,0, ,0, ,0,KG, ,0,0, , , , , , ,0,0,0, 
400,P05288J,M,1,1, , , ,0,0,0, ,0, ,0,KG, ,0,0, , , , , , ,0,0,0, 
400,P05289J,M,1,1, , , ,0,0,0, ,0, ,0,KG, ,0,0, , , , , , ,0,0,0, 
400,P05334J,M,1,1, , , ,0,0,0, ,0, ,0,KG, ,0,0, , , , , , ,0,0,0, 
400,P05335J,M,1,1, , , ,0,0,0, ,0, ,0,KG, ,0,0, , , , , , ,0,0,0, 
400,P05336J,M,1,1, , , ,0,0,0, ,0, ,0,KG, ,0,0, , , , , , ,0,0,0, 
400,P05518J,M,1,1, , , ,0,0,0, ,0, ,0,KG, ,0,0, , , , , , ,0,0,0, 
400,P05519J,M,1,1, , , ,0,0,0, ,0, ,0,KG, ,0,0, , , , , , ,0,0,0, 
400,P05577J,M,1,1, , , ,0,0,0, ,0, ,0,KG, ,0,0, , , , , , ,0,0,0, 
400,P05649J,M,1,1, , , ,0,0,0, ,0, ,0,KG, ,0,0, , , , , , ,0,0,0, 
400,P05650J,M,1,1, , , ,0,0,0, ,0, ,0,KG, ,0,0, , , , , , ,0,0,0, 
400,P05688J,M,1,1, , , ,0,0,0, ,0, ,0,KG, ,0,0, , , , , , ,0,0,0, 
400,P05831J,M,1,1, , , ,0,0,0, ,0, ,0,KG, ,0,0, , , , , , ,0,0,0, 
400,P05832J,M,1,1, , , ,0,0,0, ,0, ,0,KG, ,0,0, , , , , , ,0,0,0, 
400,P05898J,M,1,1, , , ,0,0,0, ,0, ,0,KG, ,0,0, , , , , , ,0,0,0, 
400,P05900J,M,1,1, , , ,0,0,0, ,0, ,0,KG, ,0,0, , , , , , ,0,0,0, 
400,P05902J,M,1,1, , , ,0,0,0, ,0, ,0,KG, ,0,0, , , , , , ,0,0,0, 
400,P06009J,M,1,1, , , ,0,0,0, ,0, ,0,KG, ,0,0, , , , , , ,0,0,0, 
400,P06033J,M,1,1, , , ,0,0,0, ,0, ,0,KG, ,0,0, , , , , , ,0,0,0, 
400,P06035J1,M,1,1, , , ,0,0,0, ,0, ,0,KG, ,0,0, , , , , , ,0,0,0, 
400,P06048J,M,1,1, , , ,0,0,0, ,0, ,0,KG, ,0,0, , , , , , ,0,0,0, 
400,P16354J,M,1,1, , , ,0,0,0, ,0, ,0,KG, ,0,0, , , , , , ,0,0,0, 
400,P71352J,M,1,1, , , ,0,0,0, ,0, ,0,KG, ,0,0, , , , , , ,0,0,0, 
400,P72052J1,M,1,1, , , ,0,0,0, ,0, ,0,KG, ,0,0, , , , , , ,0,0,0, 
400,P74574J,M,1,1, , , ,0,0,0, ,0, ,0,KG, ,0,0, , , , , , ,0,0,0, 
400,P92093,M,1,1, , , ,0,0,0, ,0, ,0,KG, ,0,0, , , , , , ,0,0,0, 
400,P01291J,M,1,1, , , ,0,0,0, ,0, ,0.131,LB, ,0,0, , , , , , ,0,0,0, 
400,401001000001,M,1,1, , , ,0,0,0, ,0, ,0,KG, ,0,0, , , , , , ,0,0,0, 
400,FAAW0000J,M,1,1, , , ,0,0,0, ,0, ,0,KG, ,0,0, , , , , , ,0,0,0, 
400,FAHF0000J,M,1,1, , , ,0,0,0, ,0, ,0,KG, ,0,0, , , , , , ,0,0,0, 
400,FAHP0001J,M,1,1, , , ,0,0,0, ,0, ,0,KG, ,0,0, , , , , , ,0,0,0, 
400,FALP0000J,M,1,1, , , ,0,0,0, ,0, ,0,KG, ,0,0, , , , , , ,0,0,0, 
400,FAPD0000J,M,1,1, , , ,0,0,0, ,0, ,0,KG, ,0,0, , , , , , ,0,0,0, 
400,FAUP0002J,M,1,1, , , ,0,0,0, ,0, ,0,KG, ,0,0, , , , , , ,0,0,0, 
400,FAUP150SJ,M,1,1, , , ,0,0,0, ,0, ,0,KG, ,0,0, , , , , , ,0,0,0, 
400,FAWP0000J,M,1,1, , , ,0,0,0, ,0, ,0,KG, ,0,0, , , , , , ,0,0,0, 
400,FCUP273SJ,M,1,1, , , ,0,0,0, ,0, ,0,KG, ,0,0, , , , , , ,0,0,0, 
400,FFHF0000J,M,1,1, , , ,0,0,0, ,0, ,0,KG, ,0,0, , , , , , ,0,0,0, 
400,FFHP0001J,M,1,1, , , ,0,0,0, ,0, ,0,KG, ,0,0, , , , , , ,0,0,0, 
400,FGAW0000J,M,1,1, , , ,0,0,0, ,0, ,0,KG, ,0,0, , , , , , ,0,0,0, 
400,FGHF0000J,M,1,1, , , ,0,0,0, ,0, ,0,KG, ,0,0, , , , , , ,0,0,0, 
400,FGHP0001J,M,1,1, , , ,0,0,0, ,0, ,0,KG, ,0,0, , , , , , ,0,0,0, 
400,FGLP0000J,M,1,1, , , ,0,0,0, ,0, ,0,KG, ,0,0, , , , , , ,0,0,0, 
400,FGLW0000J,M,1,1, , , ,0,0,0, ,0, ,0,KG, ,0,0, , , , , , ,0,0,0, 
400,FGPD0000J,M,1,1, , , ,0,0,0, ,0, ,0,KG, ,0,0, , , , , , ,0,0,0, 
400,FGTM273GJ,M,1,1, , , ,0,0,0, ,0, ,0,KG, ,0,0, , , , , , ,0,0,0, 
400,FGUP0002J,M,1,1, , , ,0,0,0, ,0, ,0,KG, ,0,0, , , , , , ,0,0,0, 
400,FGUP110SJ,M,1,1, , , ,0,0,0, ,0, ,0,KG, ,0,0, , , , , , ,0,0,0, 
400,FGUP150SJ,M,1,1, , , ,0,0,0, ,0, ,0,KG, ,0,0, , , , , , ,0,0,0, 
400,FGUP240SJ,M,1,1, , , ,0,0,0, ,0, ,0,KG, ,0,0, , , , , , ,0,0,0, 
400,FGWP0000J,M,1,1, , , ,0,0,0, ,0, ,0,KG, ,0,0, , , , , , ,0,0,0, 
400,FHAW0000J,M,1,1, , , ,0,0,0, ,0, ,0,KG, ,0,0, , , , , , ,0,0,0, 
400,FHHF0000J,M,1,1, , , ,0,0,0, ,0, ,0,KG, ,0,0, , , , , , ,0,0,0, 
400,FHHP0001J,M,1,1, , , ,0,0,0, ,0, ,0,KG, ,0,0, , , , , , ,0,0,0, 
400,FHLP0000J,M,1,1, , , ,0,0,0, ,0, ,0,KG, ,0,0, , , , , , ,0,0,0, 
400,FHUP0002J,M,1,1, , , ,0,0,0, ,0, ,0,KG, ,0,0, , , , , , ,0,0,0, 
400,FHUP150SJ,M,1,1, , , ,0,0,0, ,0, ,0,KG, ,0,0, , , , , , ,0,0,0, 
400,FHWP0000J,M,1,1, , , ,0,0,0, ,0, ,0,KG, ,0,0, , , , , , ,0,0,0, 
400,FSUP273SJ,M,1,1, , , ,0,0,0, ,0, ,0,KG, ,0,0, , , , , , ,0,0,0, 
400,FTHF0000J,M,1,1, , , ,0,0,0, ,0, ,0,KG, ,0,0, , , , , , ,0,0,0, 
400,FTHP0001J,M,1,1, , , ,0,0,0, ,0, ,0,KG, ,0,0, , , , , , ,0,0,0, 
400,FVAW0000J,M,1,1, , , ,0,0,0, ,0, ,0,KG, ,0,0, , , , , , ,0,0,0, 
400,FVHF0000J,M,1,1, , , ,0,0,0, ,0, ,0,KG, ,0,0, , , , , , ,0,0,0, 
400,FVHP0001J,M,1,1, , , ,0,0,0, ,0, ,0,KG, ,0,0, , , , , , ,0,0,0, 
400,FVUP0002J,M,1,1, , , ,0,0,0, ,0, ,0,KG, ,0,0, , , , , , ,0,0,0, 
400,FVUP150SJ,M,1,1, , , ,0,0,0, ,0, ,0,KG, ,0,0, , , , , , ,0,0,0, 
400,FVUP240SJ,M,1,1, , , ,0,0,0, ,0, ,0,KG, ,0,0, , , , , , ,0,0,0, 
400,FVWP0000J,M,1,1, , , ,0,0,0, ,0, ,0,KG, ,0,0, , , , , , ,0,0,0, 
400,FZHF0000J,M,1,1, , , ,0,0,0, ,0, ,0,KG, ,0,0, , , , , , ,0,0,0, 
400,FZUP0002J,M,1,1, , , ,0,0,0, ,0, ,0,KG, ,0,0, , , , , , ,0,0,0, 
400,FZUP150SJ,M,1,1, , , ,0,0,0, ,0, ,0,KG, ,0,0, , , , , , ,0,0,0, 
400,FZUP240SJ,M,1,1, , , ,0,0,0, ,0, ,0,KG, ,0,0, , , , , , ,0,0,0, 
400,GDFV110SJ,M,1,1, , , ,0,0,0, ,0, ,0,KG, ,0,0, , , , , , ,0,0,0, 
400,GDFZ110SJ,M,1,1, , , ,0,0,0, ,0, ,0,KG, ,0,0, , , , , , ,0,0,0, 
400,P00741JA,M,1,1, , , ,0,0,0, ,0, ,0,KG, ,0,0, , , , , , ,0,0,0, 
400,P00775J,M,1,1, , , ,0,0,0, ,0, ,0,KG, ,0,0, , , , , , ,0,0,0, 
400,P01369J,M,1,1, , , ,0,0,0, ,0, ,0,KG, ,0,0, , , , , , ,0,0,0, 
400,P01388J,M,1,1, , , ,0,0,0, ,0, ,0,KG, ,0,0, , , , , , ,0,0,0, 
400,P01415J,M,1,1, , , ,0,0,0, ,0, ,0,KG, ,0,0, , , , , , ,0,0,0, 
400,P01521J,M,1,1, , , ,0,0,0, ,0, ,0,KG, ,0,0, , , , , , ,0,0,0, 
400,P02060J,M,1,1, , , ,0,0,0, ,0, ,0,KG, ,0,0, , , , , , ,0,0,0, 
400,P02061J,M,1,1, , , ,0,0,0, ,0, ,0,KG, ,0,0, , , , , , ,0,0,0, 
400,P02062J,M,1,1, , , ,0,0,0, ,0, ,0,KG, ,0,0, , , , , , ,0,0,0, 
400,P02494J,M,1,1, , , ,0,0,0, ,0, ,0,KG, ,0,0, , , , , , ,0,0,0, 
400,P02497J,M,1,1, , , ,0,0,0, ,0, ,0,KG, ,0,0, , , , , , ,0,0,0, 
400,P02551J,M,1,1, , , ,0,0,0, ,0, ,0,KG, ,0,0, , , , , , ,0,0,0, 
400,P02563J,M,1,1, , , ,0,0,0, ,0, ,0,KG, ,0,0, , , , , , ,0,0,0, 
400,P02564J,M,1,1, , , ,0,0,0, ,0, ,0,KG, ,0,0, , , , , , ,0,0,0, 
400,P02589J,M,1,1, , , ,0,0,0, ,0, ,0,KG, ,0,0, , , , , , ,0,0,0, 
400,P02682J,M,1,1, , , ,0,0,0, ,0, ,0,KG, ,0,0, , , , , , ,0,0,0, 
400,P02737J,M,1,1, , , ,0,0,0, ,0, ,0,KG, ,0,0, , , , , , ,0,0,0, 
400,P02738J,M,1,1, , , ,0,0,0, ,0, ,0,KG, ,0,0, , , , , , ,0,0,0, 
400,AT1000-062MTR,M,1,1, , , ,0,0,0, ,0, ,0.406,LB, ,0,0, , , , , , ,0,0,0, 
400,AT250-047MTR,M,1,1, , , ,0,0,0, ,0, ,0.406,LB, ,0,0, , , , , , ,0,0,0, 
400,AT375-062MTR,M,1,1, , , ,0,0,0, ,0, ,0.406,LB, ,0,0, , , , , , ,0,0,0, 
400,AT750-062MTR,M,1,1, , , ,0,0,0, ,0, ,0.406,LB, ,0,0, , , , , , ,0,0,0, 
400,VYTD5,M,1,1, , , ,0,0,0, ,0, ,1,KG, ,0,0, , , , , , ,0,0,0, 
400,304002000011,M,1,1, , , ,0,0,0, ,0, ,0,KG, ,0,0, , , , , , ,0,0,0, 
400,203029000057,M,1,1, , , ,0,0,0, ,0, ,0,KG, ,0,0, , , , , , ,0,0,0, 
400,305001000017,M,1,1, , , ,0,0,0, ,0, ,0,KG, ,0,0, , , , , , ,0,0,0, 
400,304002000021,M,1,1, , , ,0,0,0, ,0, ,0,KG, ,0,0, , , , , , ,0,0,0, 
400,203029000067,M,1,1, , , ,0,0,0, ,0, ,0,KG, ,0,0, , , , , , ,0,0,0, 
400,305001000027,M,1,1, , , ,0,0,0, ,0, ,0,KG, ,0,0, , , , , , ,0,0,0, 
400,AT125-030,M,1250,381, , , ,0,0,0, ,0, ,0, , ,0,0, , , , , , ,0,0,0, 
400,AT1250-075,M,1250,381, , , ,0,0,0, ,0, ,0, , ,0,0, , , , , , ,0,0,0, 
400,AT12M1.6M,M,1250,381, , , ,0,0,0, ,0, ,0, , ,0,0, , , , , , ,0,0,0, 
400,ET062-015,M,1250,381, , , ,0,0,0, ,0, ,0, , ,0,0, , , , , , ,0,0,0, 
400,ET125-030,M,1250,381, , , ,0,0,0, ,0, ,0, , ,0,0, , , , , , ,0,0,0, 
400,ET12M1.6M,M,1250,381, , , ,0,0,0, ,0, ,0, , ,0,0, , , , , , ,0,0,0, 
400,ET250-030,M,1250,381, , , ,0,0,0, ,0, ,0, , ,0,0, , , , , , ,0,0,0, 
400,ET250-047,M,1250,381, , , ,0,0,0, ,0, ,0, , ,0,0, , , , , , ,0,0,0, 
400,ET375-062,M,1250,381, , , ,0,0,0, ,0, ,0, , ,0,0, , , , , , ,0,0,0, 
400,ET500-062,M,1250,381, , , ,0,0,0, ,0, ,0, , ,0,0, , , , , , ,0,0,0, 
400,ET750-062,M,1250,381, , , ,0,0,0, ,0, ,0, , ,0,0, , , , , , ,0,0,0, 
400,PSEH200,M,1,1, , , ,0,0,0, ,0, ,0,KG, ,0,0, , , , , , ,0,0,0, 
400,PSEUH10,M,1,1, , , ,0,0,0, ,0, ,0,KG, ,0,0, , , , , , ,0,0,0, 
400,PSEUH20,M,1,1, , , ,0,0,0, ,0, ,0,KG, ,0,0, , , , , , ,0,0,0, 
400,PSEUH45,M,1,1, , , ,0,0,0, ,0, ,0,KG, ,0,0, , , , , , ,0,0,0, 
400,01-1006806,M,1,1, , , ,0,0,0, ,0, ,0,KG, ,0,0, , , , , , ,0,0,0, 
400,01-1006807,M,1,1, , , ,0,0,0, ,0, ,0,KG, ,0,0, , , , , , ,0,0,0, 
400,01-1006808,M,1,1, , , ,0,0,0, ,0, ,0,KG, ,0,0, , , , , , ,0,0,0, 
400,01-1006809,M,1,1, , , ,0,0,0, ,0, ,0,KG, ,0,0, , , , , , ,0,0,0, 
400,10561J,M,1,1, , , ,0,0,0, ,0, ,0,KG, ,0,0, , , , , , ,0,0,0, 
400,7601-D18X1M,M,1,1, , , ,0,0,0, ,0, ,1,KG, ,0,0, , , , , , ,0,0,0, 
400,AF1000,M,1,1, , , ,0,0,0, ,0, ,1,KG, ,0,0, , , , , , ,0,0,0, 
400,NO7940,M,1,1, , , ,0,0,0, ,0, ,1,KG, ,0,0, , , , , , ,0,0,0, 
400,PFA12,M,1,1, , , ,0,0,0, ,0, ,1,KG, ,0,0, , , , , , ,0,0,0, 
400,PFA12MM,M,1,1, , , ,0,0,0, ,0, ,1,KG, ,0,0, , , , , , ,0,0,0, 
400,PFA16,M,1,1, , , ,0,0,0, ,0, ,1,KG, ,0,0, , , , , , ,0,0,0, 
400,PFA8,M,1,1, , , ,0,0,0, ,0, ,1,KG, ,0,0, , , , , , ,0,0,0, 
400,PFAW,M,1,1, , , ,0,0,0, ,0, ,1,KG, ,0,0, , , , , , ,0,0,0, 
400,PTFE4,M,1,1, , , ,0,0,0, ,0, ,1,KG, ,0,0, , , , , , ,0,0,0, 
400,PTFE6,M,1,1, , , ,0,0,0, ,0, ,1,KG, ,0,0, , , , , , ,0,0,0, 
400,PTW,M,1,1, , , ,0,0,0, ,0, ,1,KG, ,0,0, , , , , , ,0,0,0, 
400,SWR-D0.3,M,1,1, , , ,0,0,0, ,0, ,1,KG, ,0,0, , , , , , ,0,0,0, 
400,VCTF,M,1,1, , , ,0,0,0, ,0, ,1,KG, ,0,0, , , , , , ,0,0,0, 
400,W400-50,M,1,1, , , ,0,0,0, ,0, ,1,KG, ,0,0, , , , , , ,0,0,0, 
400,VYTD4,M,1,1, , , ,0,0,0, ,0, ,1,KG, ,0,0, , , , , , ,0,0,0, 
400,12T-062,M,1250,381, , , ,0,0,0, ,0, ,0, , ,0,0, , , , , , ,0,0,0, 
400,1324-001,M,1250,381, , , ,0,0,0, ,0, ,0, , ,0,0, , , , , , ,0,0,0, 
400,2T-030,M,1250,381, , , ,0,0,0, ,0, ,0, , ,0,0, , , , , , ,0,0,0, 
400,4T-047,M,1250,381, , , ,0,0,0, ,0, ,0, , ,0,0, , , , , , ,0,0,0, 
400,6T-062,M,1250,381, , , ,0,0,0, ,0, ,0, , ,0,0, , , , , , ,0,0,0, 
400,8T-062,M,1250,381, , , ,0,0,0, ,0, ,0, , ,0,0, , , , , , ,0,0,0, 
400,AT062-015,M,1250,381, , , ,0,0,0, ,0, ,0, , ,0,0, , , , , , ,0,0,0, 
400,AT1000-062,M,1250,381, , , ,0,0,0, ,0, ,0, , ,0,0, , , , , , ,0,0,0, 
400,AT10M1.6M,M,1250,381, , , ,0,0,0, ,0, ,0, , ,0,0, , , , , , ,0,0,0, 
400,AT187-030,M,1250,381, , , ,0,0,0, ,0, ,0, , ,0,0, , , , , , ,0,0,0, 
400,AT250-030,M,1250,381, , , ,0,0,0, ,0, ,0, , ,0,0, , , , , , ,0,0,0, 
400,AT250-047,M,1250,381, , , ,0,0,0, ,0, ,0, , ,0,0, , , , , , ,0,0,0, 
400,AT250-062,M,1250,381, , , ,0,0,0, ,0, ,0, , ,0,0, , , , , , ,0,0,0, 
400,AT375-030,M,1250,381, , , ,0,0,0, ,0, ,0, , ,0,0, , , , , , ,0,0,0, 
400,AT375-062,M,1250,381, , , ,0,0,0, ,0, ,0, , ,0,0, , , , , , ,0,0,0, 
400,AT500-062,M,1250,381, , , ,0,0,0, ,0, ,0, , ,0,0, , , , , , ,0,0,0, 
400,AT6M1.2M,M,1250,381, , , ,0,0,0, ,0, ,0, , ,0,0, , , , , , ,0,0,0, 
400,AT750-062,M,1250,381, , , ,0,0,0, ,0, ,0, , ,0,0, , , , , , ,0,0,0, 
400,AT8M1.2M,M,1250,381, , , ,0,0,0, ,0, ,0, , ,0,0, , , , , , ,0,0,0, 
400,AT125,M,1250,381, , , ,0,0,0, ,0, ,0, , ,0,0, , , , , , ,0,0,0, 
400,SAT4,M,1250,381, , , ,0,0,0, ,0, ,0, , ,0,0, , , , , , ,0,0,0, 
400,SAT8,M,1250,381, , , ,0,0,0, ,0, ,0, , ,0,0, , , , , , ,0,0,0, 
400,UAT1000-062,M,1250,381, , , ,0,0,0, ,0, ,0, , ,0,0, , , , , , ,0,0,0, 
400,UAT1250-075,M,1250,381, , , ,0,0,0, ,0, ,0, , ,0,0, , , , , , ,0,0,0, 
400,UAT1570-086,M,1250,381, , , ,0,0,0, ,0, ,0, , ,0,0, , , , , , ,0,0,0, 
400,UAT250-030,M,1250,381, , , ,0,0,0, ,0, ,0, , ,0,0, , , , , , ,0,0,0, 
400,UAT250-047,M,1250,381, , , ,0,0,0, ,0, ,0, , ,0,0, , , , , , ,0,0,0, 
400,UAT250-062,M,1250,381, , , ,0,0,0, ,0, ,0, , ,0,0, , , , , , ,0,0,0, 
400,UAT375-030,M,1250,381, , , ,0,0,0, ,0, ,0, , ,0,0, , , , , , ,0,0,0, 
400,UAT375-062,M,1250,381, , , ,0,0,0, ,0, ,0, , ,0,0, , , , , , ,0,0,0, 
400,UAT500-062,M,1250,381, , , ,0,0,0, ,0, ,0, , ,0,0, , , , , , ,0,0,0, 
400,UAT750-062,M,1250,381, , , ,0,0,0, ,0, ,0, , ,0,0, , , , , , ,0,0,0, 
400,XAT1000-062,M,1250,381, , , ,0,0,0, ,0, ,0, , ,0,0, , , , , , ,0,0,0, 
400,XAT250-047,M,1250,381, , , ,0,0,0, ,0, ,0, , ,0,0, , , , , , ,0,0,0, 
400,XAT500-062,M,1250,381, , , ,0,0,0, ,0, ,0, , ,0,0, , , , , , ,0,0,0, 
400,XAT750-062,M,1250,381, , , ,0,0,0, ,0, ,0, , ,0,0, , , , , , ,0,0,0, 
400,SAT16-X,M,1000,3048, , , ,0,0,0, ,0, ,0, , ,0,0, , , , , , ,0,0,0, 
400,SAT24-X,M,1000,3048, , , ,0,0,0, ,0, ,0, , ,0,0, , , , , , ,0,0,0, 
400,P06003J,M,1,1, , , ,0,0,0, ,0, ,0,KG, ,0,0, , , , , , ,0,0,0, 
400,P00769J,M,1,1, , , ,0,0,0, ,0, ,0,KG, ,0,0, , , , , , ,0,0,0, 
400,FAWP0003JA,M,1,1, , , ,0,0,0, ,0, ,0,KG, ,0,0, , , , , , ,0,0,0, 
400,P00899J,M,1,1, , , ,0,0,0, ,0, ,0,KG, ,0,0, , , , , , ,0,0,0, 
400,P03850J,M,1,1, , , ,0,0,0, ,0, ,0,KG, ,0,0, , , , , , ,0,0,0, 
400,P11455J,M,1,1, , , ,0,0,0, ,0, ,0,KG, ,0,0, , , , , , ,0,0,0, 
400,XAT250-047MTR,M,1,1, , , ,0,0,0, ,0, ,0,KG, ,0,0, , , , , , ,0,0,0, 
400,4004337-1,M,1,1, , , ,0,0,0, ,0, ,0,KG, ,0,0, , , , , , ,0,0,0, 
400,H9150-0037,X,1,1, , , ,0,0,0, ,0, ,0, , ,0,0, , , , , , ,0,0,0, 
400,A192-81MLZ-0215,X,1,1, , , ,0,0,0, ,0, ,0, , ,0,0, , , , , , ,0,0,0, 
400,P2,X,1,1, , , ,0,0,0, ,0, ,0, , ,0,0, , , , , , ,0,0,0, 
400,FEFGC2G-P6BWSN-HNN,X,1,1, , , ,0,0,0, ,0, ,0, , ,0,0, , , , , , ,0,0,0, 
400,H22-10-0615,X,1,1, , , ,0,0,0, ,0, ,0, , ,0,0, , , , , , ,0,0,0, 
400,AEFGA3G-EEBEWG-WN1,X,1,1, , , ,0,0,0, ,0, ,0, , ,0,0, , , , , , ,0,0,0, 
400,01-000512,X,1,1, , , ,0,0,0, ,0, ,0, , ,0,0, , , , , , ,0,0,0, 
400,01-000557,X,1,1, , , ,0,0,0, ,0, ,0, , ,0,0, , , , , , ,0,0,0, 
400,01-001476,X,1,1, , , ,0,0,0, ,0, ,0, , ,0,0, , , , , , ,0,0,0, 
400,01-001621,X,1,1, , , ,0,0,0, ,0, ,0, , ,0,0, , , , , , ,0,0,0, 
400,01-001640,X,1,1, , , ,0,0,0, ,0, ,0, , ,0,0, , , , , , ,0,0,0, 
400,01-001675,X,1,1, , , ,0,0,0, ,0, ,0, , ,0,0, , , , , , ,0,0,0, 
400,01-002462,X,1,1, , , ,0,0,0, ,0, ,0, , ,0,0, , , , , , ,0,0,0, 
400,01-005738,X,1,1, , , ,0,0,0, ,0, ,0, , ,0,0, , , , , , ,0,0,0, 
400,01-009660,X,1,1, , , ,0,0,0, ,0, ,0, , ,0,0, , , , , , ,0,0,0, 
400,01-019486,X,1,1, , , ,0,0,0, ,0, ,0, , ,0,0, , , , , , ,0,0,0, 
400,01-027597,X,1,1, , , ,0,0,0, ,0, ,0, , ,0,0, , , , , , ,0,0,0, 
400,01-027599,X,1,1, , , ,0,0,0, ,0, ,0, , ,0,0, , , , , , ,0,0,0, 
400,01-030144,X,1,1, , , ,0,0,0, ,0, ,0, , ,0,0, , , , , , ,0,0,0, 
400,040100,X,1,1, , , ,0,0,0, ,0, ,0, , ,0,0, , , , , , ,0,0,0, 
400,090100,X,1,1, , , ,0,0,0, ,0, ,0, , ,0,0, , , , , , ,0,0,0, 
400,0903S7,X,1,1, , , ,0,0,0, ,0, ,0, , ,0,0, , , , , , ,0,0,0, 
400,090599,X,1,1, , , ,0,0,0, ,0, ,0, , ,0,0, , , , , , ,0,0,0, 
400,0911GT,X,1,1, , , ,0,0,0, ,0, ,0, , ,0,0, , , , , , ,0,0,0, 
400,0913X4,X,1,1, , , ,0,0,0, ,0, ,0, , ,0,0, , , , , , ,0,0,0, 
400,1032-054,X,1,1, , , ,0,0,0, ,0, ,0, , ,0,0, , , , , , ,0,0,0, 
400,1320-001,X,1,1, , , ,0,0,0, ,0, ,0, , ,0,0, , , , , , ,0,0,0, 
400,151-1-1,X,1,1, , , ,0,0,0, ,0, ,0, , ,0,0, , , , , , ,0,0,0, 
400,151-131,X,1,1, , , ,0,0,0, ,0, ,0, , ,0,0, , , , , , ,0,0,0, 
400,151-135-5,X,1,1, , , ,0,0,0, ,0, ,0, , ,0,0, , , , , , ,0,0,0, 
400,151-135-6,X,1,1, , , ,0,0,0, ,0, ,0, , ,0,0, , , , , , ,0,0,0, 
400,153-564-1,X,1,1, , , ,0,0,0, ,0, ,0, , ,0,0, , , , , , ,0,0,0, 
400,213-61,X,1,1, , , ,0,0,0, ,0, ,0, , ,0,0, , , , , , ,0,0,0, 
400,215-98,X,1,1, , , ,0,0,0, ,0, ,0, , ,0,0, , , , , , ,0,0,0, 
400,220405-0801,X,1,1, , , ,0,0,0, ,0, ,0, , ,0,0, , , , , , ,0,0,0, 
400,330303,X,1,1, , , ,0,0,0, ,0, ,0, , ,0,0, , , , , , ,0,0,0, 
400,330362,X,1,1, , , ,0,0,0, ,0, ,0, , ,0,0, , , , , , ,0,0,0, 
400,330399,X,1,1, , , ,0,0,0, ,0, ,0, , ,0,0, , , , , , ,0,0,0, 
400,3917-PROTOTYPE,X,1,1, , , ,0,0,0, ,0, ,0, , ,0,0, , , , , , ,0,0,0, 
400,407204,X,1,1, , , ,0,0,0, ,0, ,0, , ,0,0, , , , , , ,0,0,0, 
400,407205,X,1,1, , , ,0,0,0, ,0, ,0, , ,0,0, , , , , , ,0,0,0, 
400,410100-0007,X,1,1, , , ,0,0,0, ,0, ,0, , ,0,0, , , , , , ,0,0,0, 
400,4106GE-0400,X,1,1, , , ,0,0,0, ,0, ,0, , ,0,0, , , , , , ,0,0,0, 
400,411-4,X,1,1, , , ,0,0,0, ,0, ,0, , ,0,0, , , , , , ,0,0,0, 
400,411-6,X,1,1, , , ,0,0,0, ,0, ,0, , ,0,0, , , , , , ,0,0,0, 
400,41667X4,X,1,1, , , ,0,0,0, ,0, ,0, , ,0,0, , , , , , ,0,0,0, 
400,420100,X,1,1, , , ,0,0,0, ,0, ,0, , ,0,0, , , , , , ,0,0,0, 
400,420100-0001,X,1,1, , , ,0,0,0, ,0, ,0, , ,0,0, , , , , , ,0,0,0, 
400,420624-0400,X,1,1, , , ,0,0,0, ,0, ,0, , ,0,0, , , , , , ,0,0,0, 
400,421-06,X,1,1, , , ,0,0,0, ,0, ,0, , ,0,0, , , , , , ,0,0,0, 
400,421-07,X,1,1, , , ,0,0,0, ,0, ,0, , ,0,0, , , , , , ,0,0,0, 
400,421-111-1,X,1,1, , , ,0,0,0, ,0, ,0, , ,0,0, , , , , , ,0,0,0, 
400,421-22-11,X,1,1, , , ,0,0,0, ,0, ,0, , ,0,0, , , , , , ,0,0,0, 
400,421-22-21,X,1,1, , , ,0,0,0, ,0, ,0, , ,0,0, , , , , , ,0,0,0, 
400,421-32-11,X,1,1, , , ,0,0,0, ,0, ,0, , ,0,0, , , , , , ,0,0,0, 
400,421-32-14,X,1,1, , , ,0,0,0, ,0, ,0, , ,0,0, , , , , , ,0,0,0, 
400,421-32-21,X,1,1, , , ,0,0,0, ,0, ,0, , ,0,0, , , , , , ,0,0,0, 
400,421-32-31,X,1,1, , , ,0,0,0, ,0, ,0, , ,0,0, , , , , , ,0,0,0, 
400,421-42-11,X,1,1, , , ,0,0,0, ,0, ,0, , ,0,0, , , , , , ,0,0,0, 
400,421-42-21,X,1,1, , , ,0,0,0, ,0, ,0, , ,0,0, , , , , , ,0,0,0, 
400,421-42-31,X,1,1, , , ,0,0,0, ,0, ,0, , ,0,0, , , , , , ,0,0,0, 
400,421-57,X,1,1, , , ,0,0,0, ,0, ,0, , ,0,0, , , , , , ,0,0,0, 
400,421-65,X,1,1, , , ,0,0,0, ,0, ,0, , ,0,0, , , , , , ,0,0,0, 
400,421-66,X,1,1, , , ,0,0,0, ,0, ,0, , ,0,0, , , , , , ,0,0,0, 
400,42126X3,X,1,1, , , ,0,0,0, ,0, ,0, , ,0,0, , , , , , ,0,0,0, 
400,42126X4,X,1,1, , , ,0,0,0, ,0, ,0, , ,0,0, , , , , , ,0,0,0, 
400,42177X1,X,1,1, , , ,0,0,0, ,0, ,0, , ,0,0, , , , , , ,0,0,0, 
400,430100,X,1,1, , , ,0,0,0, ,0, ,0, , ,0,0, , , , , , ,0,0,0, 
400,440309-0507,X,1,1, , , ,0,0,0, ,0, ,0, , ,0,0, , , , , , ,0,0,0, 
400,446656-002,X,1,1, , , ,0,0,0, ,0, ,0, , ,0,0, , , , , , ,0,0,0, 
400,450100,X,1,1, , , ,0,0,0, ,0, ,0, , ,0,0, , , , , , ,0,0,0, 
400,4505797-R,X,1,1, , , ,0,0,0, ,0, ,0, , ,0,0, , , , , , ,0,0,0, 
400,4508-PROTOTYPE,X,1,1, , , ,0,0,0, ,0, ,0, , ,0,0, , , , , , ,0,0,0, 
400,4A0100,X,1,1, , , ,0,0,0, ,0, ,0, , ,0,0, , , , , , ,0,0,0, 
400,4B0100,X,1,1, , , ,0,0,0, ,0, ,0, , ,0,0, , , , , , ,0,0,0, 
400,4B0100-000K,X,1,1, , , ,0,0,0, ,0, ,0, , ,0,0, , , , , , ,0,0,0, 
400,4C0100,X,1,1, , , ,0,0,0, ,0, ,0, , ,0,0, , , , , , ,0,0,0, 
400,460100-0006,X,1,1, , , ,0,0,0, ,0, ,0, , ,0,0, , , , , , ,0,0,0, 
400,C12-0315,X,1,1, , , ,0,0,0, ,0, ,0, , ,0,0, , , , , , ,0,0,0, 
400,C126-1485-47C02,X,1,1, , , ,0,0,0, ,0, ,0, , ,0,0, , , , , , ,0,0,0, 
400,C13-03F15,X,1,1, , , ,0,0,0, ,0, ,0, , ,0,0, , , , , , ,0,0,0, 
400,C13-06F12,X,1,1, , , ,0,0,0, ,0, ,0, , ,0,0, , , , , , ,0,0,0, 
400,C14-0315,X,1,1, , , ,0,0,0, ,0, ,0, , ,0,0, , , , , , ,0,0,0, 
400,C16-01-1215,X,1,1, , , ,0,0,0, ,0, ,0, , ,0,0, , , , , , ,0,0,0, 
400,C16-0315,X,1,1, , , ,0,0,0, ,0, ,0, , ,0,0, , , , , , ,0,0,0, 
400,C16-16FN-1,X,1,1, , , ,0,0,0, ,0, ,0, , ,0,0, , , , , , ,0,0,0, 
400,C18-01-0615,X,1,1, , , ,0,0,0, ,0, ,0, , ,0,0, , , , , , ,0,0,0, 
400,C20-0215,X,1,1, , , ,0,0,0, ,0, ,0, , ,0,0, , , , , , ,0,0,0, 
400,C20-06F12,X,1,1, , , ,0,0,0, ,0, ,0, , ,0,0, , , , , , ,0,0,0, 
400,C30-0215,X,1,1, , , ,0,0,0, ,0, ,0, , ,0,0, , , , , , ,0,0,0, 
400,C40-01-0315,X,1,1, , , ,0,0,0, ,0, ,0, , ,0,0, , , , , , ,0,0,0, 
400,C40-0315,X,1,1, , , ,0,0,0, ,0, ,0, , ,0,0, , , , , , ,0,0,0, 
400,C50-0315,X,1,1, , , ,0,0,0, ,0, ,0, , ,0,0, , , , , , ,0,0,0, 
400,C52-0215,X,1,1, , , ,0,0,0, ,0, ,0, , ,0,0, , , , , , ,0,0,0, 
400,CE700KFI4RR,X,1,1, , , ,0,0,0, ,0, ,0, , ,0,0, , , , , , ,0,0,0, 
400,CH-KTL-3002-U,X,1,1, , , ,0,0,0, ,0, ,0, , ,0,0, , , , , , ,0,0,0, 
400,CH-MW300-U,X,1,1, , , ,0,0,0, ,0, ,0, , ,0,0, , , , , , ,0,0,0, 
400,CH22-15JV-0615,X,1,1, , , ,0,0,0, ,0, ,0, , ,0,0, , , , , , ,0,0,0, 
400,CH6620-0102,X,1,1, , , ,0,0,0, ,0, ,0, , ,0,0, , , , , , ,0,0,0, 
400,CKA20080MDALZ47C02,X,1,1, , , ,0,0,0, ,0, ,0, , ,0,0, , , , , , ,0,0,0, 
400,CM200-0253,X,1,1, , , ,0,0,0, ,0, ,0, , ,0,0, , , , , , ,0,0,0, 
400,GN12-1,X,1,1, , , ,0,0,0, ,0, ,0, , ,0,0, , , , , , ,0,0,0, 
400,GN2-1,X,1,1, , , ,0,0,0, ,0, ,0, , ,0,0, , , , , , ,0,0,0, 
400,GN4-1,X,1,1, , , ,0,0,0, ,0, ,0, , ,0,0, , , , , , ,0,0,0, 
400,GN6-1,X,1,1, , , ,0,0,0, ,0, ,0, , ,0,0, , , , , , ,0,0,0, 
400,GN8-1,X,1,1, , , ,0,0,0, ,0, ,0, , ,0,0, , , , , , ,0,0,0, 
400,GT2,X,1,1, , , ,0,0,0, ,0, ,0, , ,0,0, , , , , , ,0,0,0, 
400,GT4,X,1,1, , , ,0,0,0, ,0, ,0, , ,0,0, , , , , , ,0,0,0, 
400,GT6,X,1,1, , , ,0,0,0, ,0, ,0, , ,0,0, , , , , , ,0,0,0, 
400,GT6M,X,1,1, , , ,0,0,0, ,0, ,0, , ,0,0, , , , , , ,0,0,0, 
400,GT8,X,1,1, , , ,0,0,0, ,0, ,0, , ,0,0, , , , , , ,0,0,0, 
400,GTII-12F,X,1,1, , , ,0,0,0, ,0, ,0, , ,0,0, , , , , , ,0,0,0, 
400,GTII-16F,X,1,1, , , ,0,0,0, ,0, ,0, , ,0,0, , , , , , ,0,0,0, 
400,GTII-4F,X,1,1, , , ,0,0,0, ,0, ,0, , ,0,0, , , , , , ,0,0,0, 
400,GTII-6F,X,1,1, , , ,0,0,0, ,0, ,0, , ,0,0, , , , , , ,0,0,0, 
400,GTII-8F,X,1,1, , , ,0,0,0, ,0, ,0, , ,0,0, , , , , , ,0,0,0, 
400,H20-002LB,X,1,1, , , ,0,0,0, ,0, ,0, , ,0,0, , , , , , ,0,0,0, 
400,H20-003-62C02,X,1,1, , , ,0,0,0, ,0, ,0, , ,0,0, , , , , , ,0,0,0, 
400,H20-004-66C02,X,1,1, , , ,0,0,0, ,0, ,0, , ,0,0, , , , , , ,0,0,0, 
400,H20-0119-2A-66C02,X,1,1, , , ,0,0,0, ,0, ,0, , ,0,0, , , , , , ,0,0,0, 
400,H20-021-12-66C02,X,1,1, , , ,0,0,0, ,0, ,0, , ,0,0, , , , , , ,0,0,0, 
400,H20-021-66C02,X,1,1, , , ,0,0,0, ,0, ,0, , ,0,0, , , , , , ,0,0,0, 
400,H20-0211-66C02,X,1,1, , , ,0,0,0, ,0, ,0, , ,0,0, , , , , , ,0,0,0, 
400,H20-022043-66C02,X,1,1, , , ,0,0,0, ,0, ,0, , ,0,0, , , , , , ,0,0,0, 
400,H20-024-10-62C02,X,1,1, , , ,0,0,0, ,0, ,0, , ,0,0, , , , , , ,0,0,0, 