MANDT,CUSTID,CUSTCHANNEL,CUSTCOUNTRY,CUSTDESCR,CUSTGROUP,CUSTHIER,CUSTREGION,FABID,CUSTSALESREP,CUSTSALESVP,CUSTVALID,CUSTBUPAID,GEOLATITUDE,GEOLONGITUDE,VKORG,INDUSTRY
400,545431_545431_560262,10,SG,GLOBALFOUNDRIES SINGAPORE PTE LTD,GD KAM - GF,GLOBALFOUNDRIES - 0000553102,SE ASIA,2036 GIGA FAB,GLOBALFOUNDRIES SINGAPORE-0000545431,KAM3,X, ,0,0,1000,1200-SC IDM/FOUNDRIES
400,570787_570787_554776,10,US,UMC,19 KAM - UMC,UNITED MICROELECTRONICS CORP - 0000505214,NORTH AMERICA,TBD FAB TO BE DETERMINED,UMC-0000570787,KAM2,X, ,0,0,1000,4000-FUEL CELLS
400,560059_560059_560059,10,MY,JABIL CIRCUIT SDN BHD,OA KAM - LAM,LAM RESEARCH - 0000502106,SE ASIA,TBD FAB TO BE DETERMINED,JABIL CIRCUIT SDN BHD-0000560059,KAM1,X, ,0,0,1000,2600-COMPONENTS SUBCON
400,558553_564168_564168,10,CN,YANGTZE MEMORY TECHNOLOGIES CO LTD,04 SCP - SOLD TO,ATI AMERICA INC - 0000564168,CHINA,TBD FAB TO BE DETERMINED,ATI AMERICA INC-0000564168,ROR,X, ,0,0,1000,1100-SC GROWERS
400,506144_560431_560431,10,FI,OKMETIC LIMITED,04 SCP - SOLD TO,FAB SUPPORT AB - 0000560431,EUROPE,NOFAB NO FAB IDENTIFIED,FAB SUPPORT AB-0000560431,ROR,X, ,0,0,1000,2200-COMPONENTS DISTRIBUT
400,506232_506232_506232,10,US,UNIVERSITY OF ILLINOIS,15 HOUSE ACCOUNT,UNIVERSITY OF ILLINOIS - 0000504333,NORTH AMERICA,? No Translation,UNIVERSITY OF ILLINOIS-0000506232,ROR,X, ,0,0,1000,4000-FUEL CELLS
400,506232_506232_508130,10,US,UNIVERSITY OF ILLINOIS,15 HOUSE ACCOUNT,UNIVERSITY OF ILLINOIS - 0000504333,NORTH AMERICA,? No Translation,UNIVERSITY OF ILLINOIS-0000506232,ROR,X, ,0,0,1000,4000-FUEL CELLS
400,506286_506286_506285,10,US,UNIVERSITY OF UTAH,15 HOUSE ACCOUNT,UNIVERSITY OF UTAH - 0000506285,NORTH AMERICA,? No Translation,UNIVERSITY OF UTAH-0000506286,ROR,X, ,0,0,1000,4000-FUEL CELLS
400,506463_506463_504266,10,US,UNIVERSITY OF CALIFORNIA,15 HOUSE ACCOUNT,UNIVERSITY OF CALIFORNIA - 0000504266,NORTH AMERICA,NOFAB NO FAB IDENTIFIED,UNIVERSITY OF CALIFORNIA-0000506463,ROR,X, ,0,0,1000,4000-FUEL CELLS
400,506463_506463_507423,10,US,UNIVERSITY OF CALIFORNIA,15 HOUSE ACCOUNT,UNIVERSITY OF CALIFORNIA - 0000504266,NORTH AMERICA,NOFAB NO FAB IDENTIFIED,UNIVERSITY OF CALIFORNIA-0000506463,ROR,X, ,0,0,1000,4000-FUEL CELLS
400,506463_506463_556749,10,US,UNIVERSITY OF CALIFORNIA,15 HOUSE ACCOUNT,UNIVERSITY OF CALIFORNIA - 0000504266,NORTH AMERICA,NOFAB NO FAB IDENTIFIED,UNIVERSITY OF CALIFORNIA-0000506463,ROR,X, ,0,0,1000,4000-FUEL CELLS
400,519664_519664_519664,10,US,HAYWARD QUARTZ TECHNOLOGY INC,15 HOUSE ACCOUNT,HAYWARD QUARTZ TECHNOLOGY INC - 0000519664,NORTH AMERICA,? No Translation,HAYWARD QUARTZ TECHNOLOGY-0000519664,ROR,X, ,0,0,1000,5000-NEW BUSINESS DEVELOP
400,519947_519947_519947,10,US,UNIVERSITY OF MARYLAND,15 HOUSE ACCOUNT,UNIVERSITY OF MARYLAND - 0000504350,NORTH AMERICA,? No Translation,UNIVERSITY OF MARYLAND-0000519947,ROR,X, ,0,0,1000,4000-FUEL CELLS
400,559513_559513_557704,10,US,JandJ PRD,15 HOUSE ACCOUNT,JANSSEN - 0000559512,NORTH AMERICA,TBD FAB TO BE DETERMINED,JandJ PRD-0000559513,ROR,X, ,0,0,1000,3100-LS BIOPHARMA
400,559513_559513_559877,10,US,JandJ PRD,15 HOUSE ACCOUNT,JANSSEN - 0000559512,NORTH AMERICA,TBD FAB TO BE DETERMINED,JandJ PRD-0000559513,ROR,X, ,0,0,1000,3100-LS BIOPHARMA
400,563904_563904_563904,10,US,FETHINFILMS LLC,15 HOUSE ACCOUNT,FETHINFILMS LLC - 0000563904,NORTH AMERICA,TBD FAB TO BE DETERMINED,FETHINFILMS LLC-0000563904,ROR,X, ,0,0,1000,4100-SOLAR
400,564458_564458_564458,10,US,SMTC MFG CORP OF CALIFORNIA,15 HOUSE ACCOUNT,SMTC MFG CORP OF CALIFORNIA - 0000564458,NORTH AMERICA,TBD FAB TO BE DETERMINED,SMTC MFG CORP OF CALIFORN-0000564458,ROR,X, ,0,0,1000,CMFT-CONTRACT MANUFACTURE
400,545430_545430_545430,10,CN,BOE CD SCP,02 STRATEGIC ACCT,BOE TECHNOLOGY GROUP CO LTD SCP - 0000545851,CHINA,? No Translation,BOE CD SCP-0000545430,ROR,X, ,0,0,1000,1200-SC IDM/FOUNDRIES
400,564426_560169_560262,10,SG,AIR LIQUIDE,02 STRATEGIC ACCT,EXYTE US INC - 0000560268,SE ASIA,TBD FAB TO BE DETERMINED,EXYTE SERVICES (SINGAPORE-0000560169,ROR,X, ,0,0,1000,5000-NEW BUSINESS DEVELOP
400,520563_520563_502609,10,US,3M COMPANY,02 STRATEGIC ACCT,3M - 0000509820,NORTH AMERICA,TBD FAB TO BE DETERMINED,3M COMPANY-0000520563,ROR,X, ,0,0,1000,4000-FUEL CELLS
400,557827_557827_557827,10,US,PANASONIC ECO SOLUTIONS SOLAR,02 STRATEGIC ACCT,PANASONIC ELECTRONIC DEVICE - 0000516899,NORTH AMERICA,NOFAB NO FAB IDENTIFIED,PANASONIC ECO SOLUTIONS S-0000557827,ROR,X, ,0,0,1000,4100-SOLAR
400,559965_559965_559965,10,US,IDT BIOLOGIKA CORP,02 STRATEGIC ACCT,IDT BIOLOGIKA CORP - 0000559965,NORTH AMERICA,TBD FAB TO BE DETERMINED,IDT BIOLOGIKA CORP-0000559965,ROR,X, ,0,0,1000,3100-LS BIOPHARMA
400,560703_560703_558935,10,US,MODERNA THERAPEUTICS,02 STRATEGIC ACCT,MODERNA THERAPEUTICS - 0000560703,NORTH AMERICA,NOFAB NO FAB IDENTIFIED,MODERNA THERAPEUTICS-0000560703,ROR,X, ,0,0,1000,3100-LS BIOPHARMA
400,560703_560703_559233,10,US,MODERNA THERAPEUTICS,02 STRATEGIC ACCT,MODERNA THERAPEUTICS - 0000560703,NORTH AMERICA,NOFAB NO FAB IDENTIFIED,MODERNA THERAPEUTICS-0000560703,ROR,X, ,0,0,1000,3100-LS BIOPHARMA
400,560703_560703_560703,10,US,MODERNA THERAPEUTICS,02 STRATEGIC ACCT,MODERNA THERAPEUTICS - 0000560703,NORTH AMERICA,NOFAB NO FAB IDENTIFIED,MODERNA THERAPEUTICS-0000560703,ROR,X, ,0,0,1000,3100-LS BIOPHARMA
400,560703_560703_563896,10,US,MODERNA THERAPEUTICS,02 STRATEGIC ACCT,MODERNA THERAPEUTICS - 0000560703,NORTH AMERICA,NOFAB NO FAB IDENTIFIED,MODERNA THERAPEUTICS-0000560703,ROR,X, ,0,0,1000,3100-LS BIOPHARMA
400,560703_560703_566353,10,US,MODERNA THERAPEUTICS,02 STRATEGIC ACCT,MODERNA THERAPEUTICS - 0000560703,NORTH AMERICA,NOFAB NO FAB IDENTIFIED,MODERNA THERAPEUTICS-0000560703,ROR,X, ,0,0,1000,3100-LS BIOPHARMA
400,561693_561693_562207,10,US,BRISTOL-MYERS SQUIBB,02 STRATEGIC ACCT,BRISTOL-MYERS SQUIBB  INACTIVE - 0000506287,NORTH AMERICA,? No Translation,BRISTOL-MYERS SQUIBB-0000561693,ROR,X, ,0,0,1000,3100-LS BIOPHARMA
400,564068_564068_559747,10,US,JUNO THERAPEUTICS,02 STRATEGIC ACCT,BRISTOL-MYERS SQUIBB - 0000561152,NORTH AMERICA,TBD FAB TO BE DETERMINED,JUNO THERAPEUTICS-0000564068,ROR,X, ,0,0,1000,3100-LS BIOPHARMA
400,564892_564892_564892,10,US,COHERENT,02 STRATEGIC ACCT,COHERENT LASERSYSTEMS GMBH and CO KG - 0000556904,NORTH AMERICA,TBD FAB TO BE DETERMINED,COHERENT-0000564892,ROR,X, ,0,0,1000,MFAB-FABRICATED MATERIAL
400,565676_565676_501266,10,US,NANTKWEST INC,02 STRATEGIC ACCT,NANTKWEST INC - 0000565147,NORTH AMERICA,NOFAB NO FAB IDENTIFIED,NANTKWEST INC-0000565676,ROR,X, ,0,0,1000,3100-LS BIOPHARMA
400,565676_565676_565147,10,US,NANTKWEST INC,02 STRATEGIC ACCT,NANTKWEST INC - 0000565147,NORTH AMERICA,NOFAB NO FAB IDENTIFIED,NANTKWEST INC-0000565676,ROR,X, ,0,0,1000,3100-LS BIOPHARMA
400,565681_565681_565680,10,US,EXELEAD INC,02 STRATEGIC ACCT,SERVIER PHARMACEUTICALS LLC - 0000565680,NORTH AMERICA,TBD FAB TO BE DETERMINED,EXELEAD INC-0000565681,ROR,X, ,0,0,1000,3100-LS BIOPHARMA
400,565681_565681_565681,10,US,EXELEAD INC,02 STRATEGIC ACCT,SERVIER PHARMACEUTICALS LLC - 0000565680,NORTH AMERICA,TBD FAB TO BE DETERMINED,EXELEAD INC-0000565681,ROR,X, ,0,0,1000,3100-LS BIOPHARMA
400,566322_566322_566321,10,US,INTELLIA THERAPEUTICS,02 STRATEGIC ACCT,INTELLIA THERAPEUTICS - 0000566321,NORTH AMERICA,TBD FAB TO BE DETERMINED,INTELLIA THERAPEUTICS-0000566322,ROR,X, ,0,0,1000,3100-LS BIOPHARMA
400,564025_564025_564025,10,BR,DOW BRASIL INDUSTRIA E COMERCIO,22 KAM - CHEMICAL,DUPONT CO - 0000501026,NORTH AMERICA,TBD FAB TO BE DETERMINED,DOW BRASIL INDUSTRIA E CO-0000564025,KAM2,X, ,0,0,1000,CHEM-CHEMICALS
400,554751_554751_554751,10,TW,TOK TAIWAN CO LTD,22 KAM - CHEMICAL,TOKYO OHKA KOGYO - 0000516831,TAIWAN,TBD FAB TO BE DETERMINED,TOK TAIWAN CO LTD-0000554751,KAM2,X, ,0,0,1000,1310-SC OEM BULK CHEMICAL
400,560773_560773_558499,10,TW,VERSUM MATERIALS TAIWAN CO LTD,22 KAM - CHEMICAL,MERCK - 0000525341,TAIWAN,TBD FAB TO BE DETERMINED,VERSUM MATERIALS TAIWAN C-0000560773,KAM2,X, ,0,0,1000,CHEM-CHEMICALS
400,564893_564893_563503,10,US,INFINEON,KI KAM - INFINEON,INFINEON TECHNOLOGIES AG - 0000515249,NORTH AMERICA,TBD FAB TO BE DETERMINED,INFINEON-0000564893,KAM3,X, ,0,0,1000,PACK-PACKAGING
400,563486_564168_564168,10,KR,LG CHEMICALS LIMITED,04 SCP - SOLD TO,ATI AMERICA INC - 0000564168,KOREA,TBD FAB TO BE DETERMINED,ATI AMERICA INC-0000564168,ROR,X, ,0,0,1000,1100-SC GROWERS
400,564169_564168_564168,10,KR,MOOGENE MEDI,04 SCP - SOLD TO,ATI AMERICA INC - 0000564168,KOREA,TBD FAB TO BE DETERMINED,ATI AMERICA INC-0000564168,ROR,X, ,0,0,1000,1100-SC GROWERS
400,569880_564168_564168,10,US,ATI AMERICA INC,04 SCP - SOLD TO,ATI AMERICA INC - 0000564168,NORTH AMERICA,TBD FAB TO BE DETERMINED,ATI AMERICA INC-0000564168,ROR,X, ,0,0,1000,1100-SC GROWERS
400,564168_564168_564168,10,US,ATI AMERICA INC,04 SCP - SOLD TO,ATI AMERICA INC - 0000564168,NORTH AMERICA,TBD FAB TO BE DETERMINED,ATI AMERICA INC-0000564168,ROR,X, ,0,0,1000,1100-SC GROWERS
400,507316_507316_507316,10,US,UNIVERSITY OF ILLINOIS,15 HOUSE ACCOUNT,UNIVERSITY OF ILLINOIS - 0000504333,NORTH AMERICA,? No Translation,UNIVERSITY OF ILLINOIS-0000507316,ROR,X, ,0,0,1000,4000-FUEL CELLS
400,508056_508056_508056,10,US,NAVAL RESEARCH LAB,15 HOUSE ACCOUNT,NAVAL RESEARCH LAB - 0000502794,NORTH AMERICA,? No Translation,NAVAL RESEARCH LAB-0000508056,ROR,X, ,0,0,1000,4000-FUEL CELLS
400,508219_508219_508219,10,US,UNIVERSITY OF CHICAGO,15 HOUSE ACCOUNT,UNIVERSITY OF CHICAGO  INACTIVE - 0000504300,NORTH AMERICA,? No Translation,UNIVERSITY OF CHICAGO-0000508219,ROR,X, ,0,0,1000,4000-FUEL CELLS
400,528668_528668_500748,10,US,COLORADO STATE UNIVERSITY,15 HOUSE ACCOUNT,COLORADO STATE UNIVERSITY - 0000528667,NORTH AMERICA,NOFAB NO FAB IDENTIFIED,COLORADO STATE UNIVERSITY-0000528668,ROR,X, ,0,0,1000,4000-FUEL CELLS
400,564520_564520_564520,10,US,STANFORD UNIVERSITY,15 HOUSE ACCOUNT,STANFORD UNIVERSITY - 0000503826,NORTH AMERICA,TBD FAB TO BE DETERMINED,STANFORD UNIVERSITY-0000564520,ROR,X, ,0,0,1000,2100-COMPONENTS ACADEMIA
400,560928_547572_564768,10,CN,AIR PRODUCTS AND CHEMICALS SHANGHAI,02 STRATEGIC ACCT,AIR PRODUCTS and CHEMICALS INC - 0000520032,CHINA,TBD FAB TO BE DETERMINED,AIR PRODUCTS AND CHEMICAL-0000547572,ROR,X, ,0,0,1000,1310-SC OEM BULK CHEMICAL
400,564517_564517_511176,10,NL,TECHNISCHE UNIVERSITEIT EINDHOVEN,02 STRATEGIC ACCT,TECHNISCHE UNIVERSITAET SCP - 0000512276,EUROPE,TBD FAB TO BE DETERMINED,TECHNISCHE UNIVERSITEIT E-0000564517,ROR,X, ,0,0,1000,2100-COMPONENTS ACADEMIA
400,520922_520922_501266,10,US,3M,02 STRATEGIC ACCT,3M - 0000509820,NORTH AMERICA,TBD FAB TO BE DETERMINED,3M-0000520922,ROR,X, ,0,0,1000,4000-FUEL CELLS
400,558746_558746_540653,10,US,ABBVIE,02 STRATEGIC ACCT,ABBVIE - 0000558746,NORTH AMERICA,TBD FAB TO BE DETERMINED,ABBVIE-0000558746,ROR,X, ,0,0,1000,3100-LS BIOPHARMA
400,558746_558746_558746,10,US,ABBVIE,02 STRATEGIC ACCT,ABBVIE - 0000558746,NORTH AMERICA,TBD FAB TO BE DETERMINED,ABBVIE-0000558746,ROR,X, ,0,0,1000,3100-LS BIOPHARMA
400,558746_558746_565808,10,US,ABBVIE,02 STRATEGIC ACCT,ABBVIE - 0000558746,NORTH AMERICA,TBD FAB TO BE DETERMINED,ABBVIE-0000558746,ROR,X, ,0,0,1000,3100-LS BIOPHARMA
400,560269_560269_560268,10,US,EXYTE US INC,02 STRATEGIC ACCT,EXYTE US INC - 0000560268,NORTH AMERICA,TBD FAB TO BE DETERMINED,EXYTE US INC-0000560269,ROR,X, ,0,0,1000,ISER-INDIRECT SERVICES
400,564114_564114_560973,10,US,AVEXIS INC,02 STRATEGIC ACCT,AVEXIS - 0000560973,NORTH AMERICA,TBD FAB TO BE DETERMINED,AVEXIS INC-0000564114,ROR,X, ,0,0,1000,3100-LS BIOPHARMA
400,564173_564173_564173,10,US,RUBIUS THERAPEUTICS INC,02 STRATEGIC ACCT,RUBIUS THERAPEUTICS INC - 0000564173,NORTH AMERICA,NOFAB NO FAB IDENTIFIED,RUBIUS THERAPEUTICS INC-0000564173,ROR,X, ,0,0,1000,3100-LS BIOPHARMA
400,560544_564168_564168,10,KR,ATIK KOREA CO LTD,04 SCP - SOLD TO,ATI AMERICA INC - 0000564168,KOREA,TBD FAB TO BE DETERMINED,ATI AMERICA INC-0000564168,ROR,X, ,0,0,1000,1100-SC GROWERS
400,551192_551192_551191,10,TW,TAIWAN MAXWAVE CO LTD,15 HOUSE ACCOUNT,TAIWAN MAXWAVE CO LTD - 0000551191,TAIWAN,TBD FAB TO BE DETERMINED,TAIWAN MAXWAVE CO LTD-0000551192,ROR,X, ,0,0,1000,1310-SC OEM BULK CHEMICAL
400,500390_500390_500390,10,US,AUBURN UNIVERSITY,15 HOUSE ACCOUNT,AUBURN UNIVERSITY - 0000500390,NORTH AMERICA,? No Translation,AUBURN UNIVERSITY-0000500390,ROR,X, ,0,0,1000,4000-FUEL CELLS
400,504333_504333_508130,10,US,UNIVERSITY OF ILLINOIS,15 HOUSE ACCOUNT,UNIVERSITY OF ILLINOIS - 0000504333,NORTH AMERICA,? No Translation,UNIVERSITY OF ILLINOIS-0000504333,ROR,X, ,0,0,1000,4000-FUEL CELLS
400,504377_504377_504375,10,US,UNIVERSITY OF NEW MEXICO,15 HOUSE ACCOUNT,UNIVERSITY OF NEW MEXICO - 0000504375,NORTH AMERICA,? No Translation,UNIVERSITY OF NEW MEXICO-0000504377,ROR,X, ,0,0,1000,4000-FUEL CELLS
400,504377_504377_504377,10,US,UNIVERSITY OF NEW MEXICO,15 HOUSE ACCOUNT,UNIVERSITY OF NEW MEXICO - 0000504375,NORTH AMERICA,? No Translation,UNIVERSITY OF NEW MEXICO-0000504377,ROR,X, ,0,0,1000,4000-FUEL CELLS
400,504397_504397_504396,10,US,UNIVERSITY OF ROCHESTER,15 HOUSE ACCOUNT,UNIVERSITY OF ROCHESTER - 0000504398,NORTH AMERICA,NOFAB NO FAB IDENTIFIED,UNIVERSITY OF ROCHESTER-0000504397,ROR,X, ,0,0,1000,4000-FUEL CELLS
400,504397_504397_555788,10,US,UNIVERSITY OF ROCHESTER,15 HOUSE ACCOUNT,UNIVERSITY OF ROCHESTER - 0000504398,NORTH AMERICA,NOFAB NO FAB IDENTIFIED,UNIVERSITY OF ROCHESTER-0000504397,ROR,X, ,0,0,1000,4000-FUEL CELLS
400,504398_504398_504396,10,US,UNIVERSITY OF ROCHESTER,15 HOUSE ACCOUNT,UNIVERSITY OF ROCHESTER - 0000504398,NORTH AMERICA,? No Translation,UNIVERSITY OF ROCHESTER-0000504398,ROR,X, ,0,0,1000,4000-FUEL CELLS
400,504398_504398_544957,10,US,UNIVERSITY OF ROCHESTER,15 HOUSE ACCOUNT,UNIVERSITY OF ROCHESTER - 0000504398,NORTH AMERICA,? No Translation,UNIVERSITY OF ROCHESTER-0000504398,ROR,X, ,0,0,1000,4000-FUEL CELLS
400,510213_510213_510213,10,US,JET PROPULSION LAB,15 HOUSE ACCOUNT,JET PROPULSION LAB - 0000501950,NORTH AMERICA,? No Translation,JET PROPULSION LAB-0000510213,ROR,X, ,0,0,1000,4000-FUEL CELLS
400,558355_558355_509440,10,US,FUJIFILM SONOSITE MANUFACTURING LLC,15 HOUSE ACCOUNT,SONOSITE - 0000509440,NORTH AMERICA,TBD FAB TO BE DETERMINED,FUJIFILM SONOSITE MANUFAC-0000558355,ROR,X, ,0,0,1000,3200-LS MEDICAL
400,560688_560688_560688,10,US,NORTHWEST SWISS-MATIC,15 HOUSE ACCOUNT,NORTHWEST SWISS-MATIC - 0000560688,NORTH AMERICA,TBD FAB TO BE DETERMINED,NORTHWEST SWISS-MATIC-0000560688,ROR,X, ,0,0,1000,2700-COMPONENTS OEM
400,516398_516398_504877,10,US,UCLA,? No Translation,UCLA - 0000504877,NORTH AMERICA,TBD FAB TO BE DETERMINED,UCLA-0000516398,?,X, ,0,0,1000,4000-FUEL CELLS
400,566072_566072_568580,10,IN,SERUM INSTITUTE OF INDIA PVT LTD,02 STRATEGIC ACCT,SERUM INSTITUTE OF INDIA PVT LTD - 0000566072,EUROPE,TBD FAB TO BE DETERMINED,SERUM INSTITUTE OF INDIA-0000566072,ROR,X, ,0,0,1000,3100-LS BIOPHARMA
400,554256_554256_554247,10,KR,DAESUNG INDUSTRIAL GASES CO LTD,02 STRATEGIC ACCT,DAESUNG INDUSTRIAL GASES CO LTD - 0000554247,KOREA,NOFAB NO FAB IDENTIFIED,DAESUNG INDUSTRIAL GASES-0000554256,ROR,X, ,0,0,1000,4100-SOLAR
400,559889_559889_546880,10,TW,AIR LIQUIDE FAR EASTERN LTD,02 STRATEGIC ACCT,AIR LIQUIDE - 0000553218,TAIWAN,TBD FAB TO BE DETERMINED,AIR LIQUIDE FAR EASTERN L-0000559889,ROR,X, ,0,0,1000,2700-COMPONENTS OEM
400,559889_559889_559889,10,TW,AIR LIQUIDE FAR EASTERN LTD,02 STRATEGIC ACCT,AIR LIQUIDE - 0000553218,TAIWAN,TBD FAB TO BE DETERMINED,AIR LIQUIDE FAR EASTERN L-0000559889,ROR,X, ,0,0,1000,2700-COMPONENTS OEM
400,511783_511783_509820,10,US,3M,02 STRATEGIC ACCT,3M - 0000509820,NORTH AMERICA,? No Translation,3M-0000511783,ROR,X, ,0,0,1000,4000-FUEL CELLS
400,519409_519409_519409,10,US,MTRON PTI,02 STRATEGIC ACCT,MTRON PTI - 0000519409,NORTH AMERICA,? No Translation,MTRON PTI-0000519409,ROR,X, ,0,0,1000,5000-NEW BUSINESS DEVELOP
400,559233_559233_558935,10,US,MODERNA THERAPEUTICS,02 STRATEGIC ACCT,MODERNA THERAPEUTICS - 0000560703,NORTH AMERICA,TBD FAB TO BE DETERMINED,MODERNA THERAPEUTICS-0000559233,ROR,X, ,0,0,1000,3100-LS BIOPHARMA
400,559233_559233_569380,10,US,MODERNA THERAPEUTICS,02 STRATEGIC ACCT,MODERNA THERAPEUTICS - 0000560703,NORTH AMERICA,TBD FAB TO BE DETERMINED,MODERNA THERAPEUTICS-0000559233,ROR,X, ,0,0,1000,3100-LS BIOPHARMA
400,559844_559844_559844,10,US,NOVEOME BIOTHERAPEUTICS,02 STRATEGIC ACCT,NOVEOME BIOTHERAPEUTICS - 0000559844,NORTH AMERICA,TBD FAB TO BE DETERMINED,NOVEOME BIOTHERAPEUTICS-0000559844,ROR,X, ,0,0,1000,3100-LS BIOPHARMA
400,564751_564751_558981,10,US,BLUEBIRD BIO INC,02 STRATEGIC ACCT,BLUEBIRD BIO INC - 0000564751,NORTH AMERICA,NOFAB NO FAB IDENTIFIED,BLUEBIRD BIO INC-0000564751,ROR,X, ,0,0,1000,3100-LS BIOPHARMA
400,556656_556656_554158,10,TW,MERCK PERFORMANCE MATERIALS LTD,22 KAM - CHEMICAL,MERCK - 0000525341,TAIWAN,NOFAB NO FAB IDENTIFIED,MERCK PERFORMANCE MATERIA-0000556656,KAM2,X, ,0,0,1000,1310-SC OEM BULK CHEMICAL
400,550491_550491_550491,10,SG,ICHOR SYSTEMS SINGAPORE PTE LTD,OF SEMI OEM,ICHOR SYSTEMS - 0000545070,SE ASIA,? No Translation,ICHOR SYSTEMS SINGAPORE P-0000550491,ROR,X, ,0,0,1000,2700-COMPONENTS OEM
400,564298_564298_564298,10,US,DISCGENICS INC,Z8 NOT ASSIGNED,DISCGENICS INC - 0000564298,NORTH AMERICA,TBD FAB TO BE DETERMINED,DISCGENICS INC-0000564298,ROR,X, ,0,0,1000,3100-LS BIOPHARMA
400,558267_564168_564168,10,KR,ATI KOREA CO LTD,04 SCP - SOLD TO,ATI AMERICA INC - 0000564168,KOREA,? No Translation,ATI AMERICA INC-0000564168,ROR,X, ,0,0,1000,1100-SC GROWERS
400,502773_502773_515817,10,CA,NATIONAL RESEARCH COUNCIL,15 HOUSE ACCOUNT,NATIONAL RESEARCH COUNCIL - 0000502773,NORTH AMERICA,? No Translation,NATIONAL RESEARCH COUNCIL-0000502773,ROR,X, ,0,0,1000,4000-FUEL CELLS
400,515552_515552_503702,10,CA,SIMON FRASER UNIVERSITY,15 HOUSE ACCOUNT,SIMON FRASER UNIVERSITY - 0000503702,NORTH AMERICA,NOFAB NO FAB IDENTIFIED,SIMON FRASER UNIVERSITY-0000515552,ROR,X, ,0,0,1000,4000-FUEL CELLS
400,515817_515817_515817,10,CA,NATIONAL RESEARCH COUNCIL,15 HOUSE ACCOUNT,NATIONAL RESEARCH COUNCIL - 0000502773,NORTH AMERICA,? No Translation,NATIONAL RESEARCH COUNCIL-0000515817,ROR,X, ,0,0,1000,4000-FUEL CELLS
400,530358_530358_530358,10,CA,MCGILL UNIVERSITY,15 HOUSE ACCOUNT,MCGILL UNIVERSITY - 0000502372,NORTH AMERICA,? No Translation,MCGILL UNIVERSITY-0000530358,ROR,X, ,0,0,1000,4000-FUEL CELLS
400,503075_503075_503075,10,US,PENN STATE UNIVERSITY,15 HOUSE ACCOUNT,PENN STATE UNIVERSITY - 0000503075,NORTH AMERICA,? No Translation,PENN STATE UNIVERSITY-0000503075,ROR,X, ,0,0,1000,4000-FUEL CELLS
400,503084_503084_531937,10,US,PENN STATE UNIVERSITY,15 HOUSE ACCOUNT,PENN STATE UNIVERSITY - 0000503075,NORTH AMERICA,? No Translation,PENN STATE UNIVERSITY-0000503084,ROR,X, ,0,0,1000,4000-FUEL CELLS
400,509686_509686_503826,10,US,STANFORD UNIVERSITY,15 HOUSE ACCOUNT,STANFORD UNIVERSITY - 0000503826,NORTH AMERICA,? No Translation,STANFORD UNIVERSITY-0000509686,ROR,X, ,0,0,1000,4000-FUEL CELLS
400,509686_509686_505908,10,US,STANFORD UNIVERSITY,15 HOUSE ACCOUNT,STANFORD UNIVERSITY - 0000503826,NORTH AMERICA,? No Translation,STANFORD UNIVERSITY-0000509686,ROR,X, ,0,0,1000,4000-FUEL CELLS
400,509686_509686_531684,10,US,STANFORD UNIVERSITY,15 HOUSE ACCOUNT,STANFORD UNIVERSITY - 0000503826,NORTH AMERICA,? No Translation,STANFORD UNIVERSITY-0000509686,ROR,X, ,0,0,1000,4000-FUEL CELLS
400,516067_516067_516067,10,US,ISE LABS INC,15 HOUSE ACCOUNT,ISE LABS INACTIVE - 0000501915,NORTH AMERICA,? No Translation,ISE LABS INC-0000516067,ROR,X, ,0,0,1000,5000-NEW BUSINESS DEVELOP
400,517979_517979_528220,10,US,NAVAL RESEARCH LAB,15 HOUSE ACCOUNT,NAVAL RESEARCH LAB - 0000502794,NORTH AMERICA,? No Translation,NAVAL RESEARCH LAB-0000517979,ROR,X, ,0,0,1000,4000-FUEL CELLS
400,518338_518338_507749,10,US,UNIVERSITY OF CALIFORNIA,15 HOUSE ACCOUNT,UNIVERSITY OF CALIFORNIA - 0000504266,NORTH AMERICA,NOFAB NO FAB IDENTIFIED,UNIVERSITY OF CALIFORNIA-0000518338,ROR,X, ,0,0,1000,4000-FUEL CELLS
400,518338_518338_528400,10,US,UNIVERSITY OF CALIFORNIA,15 HOUSE ACCOUNT,UNIVERSITY OF CALIFORNIA - 0000504266,NORTH AMERICA,NOFAB NO FAB IDENTIFIED,UNIVERSITY OF CALIFORNIA-0000518338,ROR,X, ,0,0,1000,4000-FUEL CELLS
400,531564_531564_531564,10,US,ARKEMA INC,15 HOUSE ACCOUNT,ARKEMA INC - 0000537246,NORTH AMERICA,? No Translation,ARKEMA INC-0000531564,?,X, ,0,0,1000,4000-FUEL CELLS
400,558954_558954_558954,10,US,SUPIRA MEDICAL,15 HOUSE ACCOUNT,SUPIRA MEDICAL - 0000558954,NORTH AMERICA,TBD FAB TO BE DETERMINED,SUPIRA MEDICAL-0000558954,ROR,X, ,0,0,1000,3200-LS MEDICAL
400,565375_565375_565375,10,US,CELGENE CORPORATION,15 HOUSE ACCOUNT,BRISTOL-MYERS SQUIBB - 0000561152,NORTH AMERICA,NOFAB NO FAB IDENTIFIED,CELGENE CORPORATION-0000565375,ROR,X, ,0,0,1000,3100-LS BIOPHARMA
400,560534_560534_560534,10,CA,STEMCELL TECHNOLOGIES CANADA INC,02 STRATEGIC ACCT,STEMCELL TECHNOLOGIES CANADA INC - 0000560534,NORTH AMERICA,TBD FAB TO BE DETERMINED,STEMCELL TECHNOLOGIES CAN-0000560534,ROR,X, ,0,0,1000,3100-LS BIOPHARMA
400,560534_560534_568759,10,CA,STEMCELL TECHNOLOGIES CANADA INC,02 STRATEGIC ACCT,STEMCELL TECHNOLOGIES CANADA INC - 0000560534,NORTH AMERICA,TBD FAB TO BE DETERMINED,STEMCELL TECHNOLOGIES CAN-0000560534,ROR,X, ,0,0,1000,3100-LS BIOPHARMA
400,560471_560471_560471,10,TW,AIR LIQUIDE ELECTRONICS SYSTEMS,02 STRATEGIC ACCT,AIR LIQUIDE - 0000553218,TAIWAN,TBD FAB TO BE DETERMINED,AIR LIQUIDE ELECTRONICS S-0000560471,ROR,X, ,0,0,1000,2700-COMPONENTS OEM
400,508812_508812_500847,10,US,UNIVERSITY OF ALBANY,02 STRATEGIC ACCT,STATE UNIVERSITY OF NY (ALBANY) - 0000506948,NORTH AMERICA,NOFAB NO FAB IDENTIFIED,UNIVERSITY OF ALBANY-0000508812,ROR,X, ,0,0,1000,4000-FUEL CELLS
400,515223_515223_530047,10,US,3M COMPANY,02 STRATEGIC ACCT,3M - 0000509820,NORTH AMERICA,TBD FAB TO BE DETERMINED,3M COMPANY-0000515223,ROR,X, ,0,0,1000,4000-FUEL CELLS
400,515974_515974_506315,10,US,QUALCOMM INC,02 STRATEGIC ACCT,QUALCOMM - 0000506315,NORTH AMERICA,? No Translation,QUALCOMM INC-0000515974,ROR,X, ,0,0,1000,5000-NEW BUSINESS DEVELOP
400,516037_516037_516037,10,US,PERKINELMER,02 STRATEGIC ACCT,PERKINELMER - 0000516037,NORTH AMERICA,? No Translation,PERKINELMER-0000516037,ROR,X, ,0,0,1000,5000-NEW BUSINESS DEVELOP
400,530047_530047_530047,10,US,3M CO,02 STRATEGIC ACCT,3M - 0000509820,NORTH AMERICA,? No Translation,3M CO-0000530047,ROR,X, ,0,0,1000,4000-FUEL CELLS
400,558936_558936_558935,10,US,MODERNA THERAPEUTICS,02 STRATEGIC ACCT,MODERNA THERAPEUTICS - 0000560703,NORTH AMERICA,NOFAB NO FAB IDENTIFIED,MODERNA THERAPEUTICS-0000558936,ROR,X, ,0,0,1000,3100-LS BIOPHARMA
400,559782_559782_557251,10,US,LONZA INC,02 STRATEGIC ACCT,LONZA AG - 0000564451,NORTH AMERICA,NOFAB NO FAB IDENTIFIED,LONZA INC-0000559782,ROR,X, ,0,0,1000,3200-LS MEDICAL
400,564336_564336_564336,10,US,CAROLINA COMPONENTS GROUP USE 57034,02 STRATEGIC ACCT,CAROLINA COMPONENTS GROUP USE 57034 - 0000564336,NORTH AMERICA,NOFAB NO FAB IDENTIFIED,CAROLINA COMPONENTS GROUP-0000564336,ROR,X, ,0,0,1000,3300-LS PROCESS TECH
400,564640_564640_559150,10,US,RION LLC,02 STRATEGIC ACCT,RION - 0000552363,NORTH AMERICA,TBD FAB TO BE DETERMINED,RION LLC-0000564640,ROR,X, ,0,0,1000,3100-LS BIOPHARMA
400,564640_564640_564640,10,US,RION LLC,02 STRATEGIC ACCT,RION - 0000552363,NORTH AMERICA,TBD FAB TO BE DETERMINED,RION LLC-0000564640,ROR,X, ,0,0,1000,3100-LS BIOPHARMA
400,564640_564640_569447,10,US,RION LLC,02 STRATEGIC ACCT,RION - 0000552363,NORTH AMERICA,TBD FAB TO BE DETERMINED,RION LLC-0000564640,ROR,X, ,0,0,1000,3100-LS BIOPHARMA
400,564655_564655_560703,10,US,LONZA BIOLOGICS,02 STRATEGIC ACCT,LONZA AG - 0000564451,NORTH AMERICA,TBD FAB TO BE DETERMINED,LONZA BIOLOGICS-0000564655,ROR,X, ,0,0,1000,3100-LS BIOPHARMA
400,564337_564337_563928,10,US,BASF CORP,22 KAM - CHEMICAL,BASF AG - 0000518667,NORTH AMERICA,TBD FAB TO BE DETERMINED,BASF CORP-0000564337,KAM2,X, ,0,0,1000,CHEM-CHEMICALS
400,564337_564337_564337,10,US,BASF CORP,22 KAM - CHEMICAL,BASF AG - 0000518667,NORTH AMERICA,TBD FAB TO BE DETERMINED,BASF CORP-0000564337,KAM2,X, ,0,0,1000,CHEM-CHEMICALS
400,569155_569155_540159,10,SG,KLA-TENCOR (SINGAPORE) PTE LTD,OF SEMI OEM,KLA CORPORATION - 0000545143,SE ASIA,TBD FAB TO BE DETERMINED,KLA-TENCOR (SINGAPORE) PT-0000569155,ROR,X, ,0,0,1000,?
400,568240_568240_504978,10,TW,TSMC FA6A0,GE KAM - TSMC,TAIWAN SEMICONDUCTOR MANF CO LTD - 0000504978,TAIWAN,TBD FAB TO BE DETERMINED,TSMC FA6A0-0000568240,KAM1,X, ,0,0,1000,?
400,566303_566303_566303,10,US,TSMC ARIZONA CORPORATION,GE KAM - TSMC,TAIWAN SEMICONDUCTOR MANF CO LTD - 0000504978,NORTH AMERICA,TBD FAB TO BE DETERMINED,TSMC ARIZONA CORPORATION-0000566303,KAM1,X, ,0,0,1000,?
400,569825_569825_565784,10,MY,UTI INVENTORY MANAGEMENT SOLUTIONS,GA KAM - INTEL,INTEL CORPORATION - 0000501841,SE ASIA,NOFAB NO FAB IDENTIFIED,UTI INVENTORY MANAGEMENT-0000569825,KAM1,X, ,0,0,1000,?
400,569747_569747_565784,10,US,INTEL CORPORATION,GA KAM - INTEL,INTEL CORPORATION - 0000501841,NORTH AMERICA,5053 INTEL OREGON,INTEL CORPORATION-0000569747,KAM1,X, ,0,0,1000,?
400,570238_570238_570238,10,US,SILICON LIGHT MACHINES,OD KAM - SCREEN,SCREEN SEMICONDUCTOR SOLUTIONS - 0000516920,NORTH AMERICA,TBD FAB TO BE DETERMINED,SILICON LIGHT MACHINES-0000570238,KAM2,X, ,0,0,1000,?
400,566739_566739_521818,10,JP,ISHIKAWA,Z8 NOT ASSIGNED,ISHIKAWA - 0000566739,JAPAN,TBD FAB TO BE DETERMINED,ISHIKAWA-0000566739,ROR,X, ,0,0,1000,?
400,568244_568244_568244,10,US,ENTEGRIS INC,Z8 NOT ASSIGNED,ENTEGRIS INC     USE IC1000-INACTIV - 0000500000,NORTH AMERICA,NOFAB NO FAB IDENTIFIED,ENTEGRIS INC-0000568244,ROR,X, ,0,0,1000,?
400,569072_569072_569072,10,US,ADVANCED ABRASIVES CORP,Z8 NOT ASSIGNED,ADVANCED ABRASIVES CORP - 0000569072,NORTH AMERICA,TBD FAB TO BE DETERMINED,ADVANCED ABRASIVES CORP-0000569072,ROR,X, ,0,0,1000,?
400,569801_569801_569801,10,CA,PHOTONIC INC,15 HOUSE ACCOUNT,PHOTONIC INC - 0000569801,NORTH AMERICA,TBD FAB TO BE DETERMINED,PHOTONIC INC-0000569801,ROR,X, ,0,0,1000,?
400,570410_570410_566091,10,CA,SHEBA MICROSYSTEMS INC,15 HOUSE ACCOUNT,SHEBA MICROSYSTEMS INC - 0000566091,NORTH AMERICA,TBD FAB TO BE DETERMINED,SHEBA MICROSYSTEMS INC-0000570410,ROR,X, ,0,0,1000,?
400,570717_570717_560506,10,CA,BOREAS TECHNOLOGIES INC,15 HOUSE ACCOUNT,BOREAS TECHNOLOGIES INC - 0000570717,NORTH AMERICA,TBD FAB TO BE DETERMINED,BOREAS TECHNOLOGIES INC-0000570717,ROR,X, ,0,0,1000,?
400,570717_570717_570717,10,CA,BOREAS TECHNOLOGIES INC,15 HOUSE ACCOUNT,BOREAS TECHNOLOGIES INC - 0000570717,NORTH AMERICA,TBD FAB TO BE DETERMINED,BOREAS TECHNOLOGIES INC-0000570717,ROR,X, ,0,0,1000,?
400,566747_566747_566747,10,CN,SETH GAS AND LIQUIDE TECHNOLOGY,15 HOUSE ACCOUNT,SETH GAS AND LIQUIDE TECHNOLOGY - 0000566747,CHINA,TBD FAB TO BE DETERMINED,SETH GAS AND LIQUIDE TECH-0000566747,ROR,X, ,0,0,1000,?
400,570487_570487_566467,10,IT,ST WSIC,15 HOUSE ACCOUNT,ST WSIC - 0000570487,EUROPE,TBD FAB TO BE DETERMINED,ST WSIC-0000570487,ROR,X, ,0,0,1000,?
400,569760_569760_569759,10,US,IMMORNA BIOTHERAPEUTICS INC,15 HOUSE ACCOUNT,IMMORNA BIOTHERAPEUTICS INC - 0000569759,NORTH AMERICA,NOFAB NO FAB IDENTIFIED,IMMORNA BIOTHERAPEUTICS I-0000569760,ROR,X, ,0,0,1000,?
400,569788_569788_569788,10,US,DEXTER MAGNETIC TECHNOLOGIES INC,15 HOUSE ACCOUNT,DEXTER MAGNETIC TECHNOLOGIES INC - 0000569788,NORTH AMERICA,TBD FAB TO BE DETERMINED,DEXTER MAGNETIC TECHNOLOG-0000569788,ROR,X, ,0,0,1000,?
400,569797_569797_569797,10,US,CAPACITOR AND COMPONENTS LLC,15 HOUSE ACCOUNT,CAPACITOR AND COMPONENTS LLC - 0000569797,NORTH AMERICA,TBD FAB TO BE DETERMINED,CAPACITOR AND COMPONENTS-0000569797,ROR,X, ,0,0,1000,?
400,569800_569800_550286,10,US,FERRIC INC,15 HOUSE ACCOUNT,FERRIC INC - 0000569800,NORTH AMERICA,TBD FAB TO BE DETERMINED,FERRIC INC-0000569800,ROR,X, ,0,0,1000,?
400,569804_569804_559878,10,US,NEURALINK CORP,15 HOUSE ACCOUNT,NEURALINK - 0000559878,NORTH AMERICA,TBD FAB TO BE DETERMINED,NEURALINK CORP-0000569804,ROR,X, ,0,0,1000,?
400,569809_569809_569809,10,US,REGENXBIO INC,15 HOUSE ACCOUNT,REGENXBIO INC - 0000569809,NORTH AMERICA,TBD FAB TO BE DETERMINED,REGENXBIO INC-0000569809,ROR,X, ,0,0,1000,?
400,569821_569821_569820,10,US,SEKISUI DIAGNOSTICS LLC,15 HOUSE ACCOUNT,SEKISUI DIAGNOSTICS LLC - 0000560280,NORTH AMERICA,TBD FAB TO BE DETERMINED,SEKISUI DIAGNOSTICS LLC-0000569821,ROR,X, ,0,0,1000,?
400,569834_569834_569834,10,US,DB CONTROL CORP,15 HOUSE ACCOUNT,DB CONTROL CORP - 0000569834,NORTH AMERICA,TBD FAB TO BE DETERMINED,DB CONTROL CORP-0000569834,ROR,X, ,0,0,1000,?
400,570188_570188_570188,10,US,ALIGNED CARBON INC,15 HOUSE ACCOUNT,ALIGNED CARBON INC - 0000570188,NORTH AMERICA,TBD FAB TO BE DETERMINED,ALIGNED CARBON INC-0000570188,ROR,X, ,0,0,1000,?
400,570220_570220_570198,10,US,VIR BIOTECHNOLOGY INC,15 HOUSE ACCOUNT,VIR BIOTECHNOLOGY INC - 0000570220,NORTH AMERICA,TBD FAB TO BE DETERMINED,VIR BIOTECHNOLOGY INC-0000570220,ROR,X, ,0,0,1000,?
400,570222_570222_568627,10,US,VERVE THERAPEUTICS INC,15 HOUSE ACCOUNT,VERVE THERAPEUTICS INC - 0000570222,NORTH AMERICA,TBD FAB TO BE DETERMINED,VERVE THERAPEUTICS INC-0000570222,ROR,X, ,0,0,1000,?
400,570391_570391_570391,10,US,OHIO INDUSTRIAL PRODUCTS LLC,15 HOUSE ACCOUNT,OHIO INDUSTRIAL PRODUCTS LLC - 0000570391,NORTH AMERICA,NOFAB NO FAB IDENTIFIED,OHIO INDUSTRIAL PRODUCTS-0000570391,ROR,X, ,0,0,1000,?
400,570394_570394_506288,10,US,PRINCETION PLASMA PHYSICS LABORATOR,15 HOUSE ACCOUNT,PRINCETION PLASMA PHYSICS LABORATOR - 0000570394,NORTH AMERICA,TBD FAB TO BE DETERMINED,PRINCETION PLASMA PHYSICS-0000570394,ROR,X, ,0,0,1000,?
400,570397_570397_570397,10,US,PRAIRIE MACHINING INC,15 HOUSE ACCOUNT,PRAIRIE MACHINING INC - 0000570397,NORTH AMERICA,TBD FAB TO BE DETERMINED,PRAIRIE MACHINING INC-0000570397,ROR,X, ,0,0,1000,?
400,570454_570454_536781,10,US,PENTAGON TECHNOLOGIES GROUP,15 HOUSE ACCOUNT,PENTAGON TECHNOLOGIES GROUP INC - 0000536781,NORTH AMERICA,TBD FAB TO BE DETERMINED,PENTAGON TECHNOLOGIES GRO-0000570454,ROR,X, ,0,0,1000,?
400,570456_570456_570455,10,US,SICULUS INC,15 HOUSE ACCOUNT,SICULUS INC - 0000570455,NORTH AMERICA,NOFAB NO FAB IDENTIFIED,SICULUS INC-0000570456,ROR,X, ,0,0,1000,?
400,570462_570462_570462,10,US,NEOGENE THERAPEUTICS INC,15 HOUSE ACCOUNT,NEOGENE THERAPEUTICS INC - 0000570462,NORTH AMERICA,TBD FAB TO BE DETERMINED,NEOGENE THERAPEUTICS INC-0000570462,ROR,X, ,0,0,1000,?
400,570465_570465_570465,10,US,PROTONEX LLC,15 HOUSE ACCOUNT,PNI CORP - 0000545530,NORTH AMERICA,TBD FAB TO BE DETERMINED,PROTONEX LLC-0000570465,ROR,X, ,0,0,1000,?
400,570473_570473_570473,10,US,AYAR LABS INC,15 HOUSE ACCOUNT,AYAR LABS INC - 0000570473,NORTH AMERICA,TBD FAB TO BE DETERMINED,AYAR LABS INC-0000570473,ROR,X, ,0,0,1000,?
400,570493_570493_570493,10,US,UNIVERSITY OF LOUISVILLE,15 HOUSE ACCOUNT,UNIVERSITY OF LOUISVILLE - 0000570493,NORTH AMERICA,TBD FAB TO BE DETERMINED,UNIVERSITY OF LOUISVILLE-0000570493,ROR,X, ,0,0,1000,?
400,570533_570533_570533,10,US,INVISION BIOMEDICAL GROUP INC,15 HOUSE ACCOUNT,INVISION BIOMEDICAL GROUP INC - 0000570533,NORTH AMERICA,TBD FAB TO BE DETERMINED,INVISION BIOMEDICAL GROUP-0000570533,ROR,X, ,0,0,1000,?
400,570537_570537_556322,10,US,KITE PHARMA,15 HOUSE ACCOUNT,KITE PHARMA INC - 0000556322,NORTH AMERICA,TBD FAB TO BE DETERMINED,KITE PHARMA-0000570537,ROR,X, ,0,0,1000,?
400,570726_570726_570726,10,US,NOOMA BIO INC,15 HOUSE ACCOUNT,NOOMA BIO - 0000565166,NORTH AMERICA,TBD FAB TO BE DETERMINED,NOOMA BIO INC-0000570726,ROR,X, ,0,0,1000,?
400,570729_570729_570729,10,US,MAXCYTE INC,15 HOUSE ACCOUNT,MAXCYTE INC - 0000570729,NORTH AMERICA,TBD FAB TO BE DETERMINED,MAXCYTE INC-0000570729,ROR,X, ,0,0,1000,?
400,570756_570756_570756,10,US,AKURA MEDICAL,15 HOUSE ACCOUNT,AKURA MEDICAL - 0000570756,NORTH AMERICA,TBD FAB TO BE DETERMINED,AKURA MEDICAL-0000570756,ROR,X, ,0,0,1000,?
400,570771_570771_570771,10,US,MINNTECH DISTRIBUTION INC,15 HOUSE ACCOUNT,MINNTECH DISTRIBUTION INC - 0000570771,NORTH AMERICA,TBD FAB TO BE DETERMINED,MINNTECH DISTRIBUTION INC-0000570771,ROR,X, ,0,0,1000,?
400,570772_570772_569998,10,US,GILEAD SCIENCES,15 HOUSE ACCOUNT,GILEAD SCIENCES INC - 0000547721,NORTH AMERICA,TBD FAB TO BE DETERMINED,GILEAD SCIENCES-0000570772,ROR,X, ,0,0,1000,?
400,570789_570789_570789,10,US,ONTO INNOVATION INC,15 HOUSE ACCOUNT,ONTO INNOVATION INC - 0000563956,NORTH AMERICA,TBD FAB TO BE DETERMINED,ONTO INNOVATION INC-0000570789,ROR,X, ,0,0,1000,?
400,566185_566185_566185,10,US,OPCONDYS INC,15 HOUSE ACCOUNT,OPCONDYS INC - 0000566185,NORTH AMERICA,NOFAB NO FAB IDENTIFIED,OPCONDYS INC-0000566185,ROR,X, ,0,0,1000,?
400,566191_566191_566185,10,US,OPCONDYS INC,15 HOUSE ACCOUNT,OPCONDYS INC - 0000566185,NORTH AMERICA,NOFAB NO FAB IDENTIFIED,OPCONDYS INC-0000566191,ROR,X, ,0,0,1000,?
400,566728_566728_566729,10,US,REDWAVE ENERGY INC,15 HOUSE ACCOUNT,REDWAVE ENERGY INC - 0000566729,NORTH AMERICA,TBD FAB TO BE DETERMINED,REDWAVE ENERGY INC-0000566728,ROR,X, ,0,0,1000,?
400,566735_566735_566705,10,US,KAWASAKI ROBOTICS USA INC,15 HOUSE ACCOUNT,KAWASAKI ROBOTICS USA INC - 0000566705,NORTH AMERICA,TBD FAB TO BE DETERMINED,KAWASAKI ROBOTICS USA INC-0000566735,ROR,X, ,0,0,1000,?
400,566759_566759_552370,10,US,GOOGLE LLC,15 HOUSE ACCOUNT,GOOGLE INC - 0000550727,NORTH AMERICA,TBD FAB TO BE DETERMINED,GOOGLE LLC-0000566759,ROR,X, ,0,0,1000,?
400,566759_566759_555451,10,US,GOOGLE LLC,15 HOUSE ACCOUNT,GOOGLE INC - 0000550727,NORTH AMERICA,TBD FAB TO BE DETERMINED,GOOGLE LLC-0000566759,ROR,X, ,0,0,1000,?
400,566769_566769_516155,10,US,BMWC CONSTRUCTORS INC,15 HOUSE ACCOUNT,BMW CONSTRUCTORS - 0000516155,NORTH AMERICA,TBD FAB TO BE DETERMINED,BMWC CONSTRUCTORS INC-0000566769,ROR,X, ,0,0,1000,?
400,568213_568213_504388,10,US,UNIVERSITY OF NOTRE DAME,15 HOUSE ACCOUNT,UNIVERSITY OF NOTRE DAME - 0000504388,NORTH AMERICA,TBD FAB TO BE DETERMINED,UNIVERSITY OF NOTRE DAME-0000568213,ROR,X, ,0,0,1000,?
400,568215_568215_568215,10,US,TRINITY POWERLINK INC,15 HOUSE ACCOUNT,TRINITY POWERLINK INC - 0000564476,NORTH AMERICA,TBD FAB TO BE DETERMINED,TRINITY POWERLINK INC-0000568215,ROR,X, ,0,0,1000,?
400,568225_568225_565981,10,US,VERTEX PHARMACEUTICALS,15 HOUSE ACCOUNT,VERTEX PHARMACEUTICALS INC - 0000561668,NORTH AMERICA,TBD FAB TO BE DETERMINED,VERTEX PHARMACEUTICALS-0000568225,ROR,X, ,0,0,1000,?
400,568254_568254_568254,10,US,LUMINUS DEVICES INC,15 HOUSE ACCOUNT,LUMINUS DEVICES INC - 0000540005,NORTH AMERICA,TBD FAB TO BE DETERMINED,LUMINUS DEVICES INC-0000568254,ROR,X, ,0,0,1000,?
400,568266_568266_555761,10,US,BAHIA CONTROL CORPORATION,15 HOUSE ACCOUNT,BAHIA CONTROL - 0000541500,NORTH AMERICA,TBD FAB TO BE DETERMINED,BAHIA CONTROL CORPORATION-0000568266,ROR,X, ,0,0,1000,?
400,568266_568266_568266,10,US,BAHIA CONTROL CORPORATION,15 HOUSE ACCOUNT,BAHIA CONTROL - 0000541500,NORTH AMERICA,TBD FAB TO BE DETERMINED,BAHIA CONTROL CORPORATION-0000568266,ROR,X, ,0,0,1000,?
400,568279_568279_568279,10,US,NUBIS COMMUNICATIONS INC,15 HOUSE ACCOUNT,NUBIS COMMUNICATIONS INC - 0000568279,NORTH AMERICA,TBD FAB TO BE DETERMINED,NUBIS COMMUNICATIONS INC-0000568279,ROR,X, ,0,0,1000,?
400,568283_568283_568283,10,US,EPICREW USA INC,15 HOUSE ACCOUNT,EPICREW USA INC - 0000568283,NORTH AMERICA,TBD FAB TO BE DETERMINED,EPICREW USA INC-0000568283,ROR,X, ,0,0,1000,?
400,568438_568438_568438,10,US,MYRA VISION,15 HOUSE ACCOUNT,SUPIRA MEDICAL - 0000558954,NORTH AMERICA,TBD FAB TO BE DETERMINED,MYRA VISION-0000568438,ROR,X, ,0,0,1000,?
400,568454_568454_568453,10,US,UNIVERSITY OF PITTSBURGH,15 HOUSE ACCOUNT,UNIVERSITY OF PITTSBURGH - 0000506602,NORTH AMERICA,TBD FAB TO BE DETERMINED,UNIVERSITY OF PITTSBURGH-0000568454,ROR,X, ,0,0,1000,?
400,568455_568455_568455,10,US,ALPINE OPTOELECTRONICS INC,15 HOUSE ACCOUNT,ALPINE OPTOELECTRONICS INC - 0000564823,NORTH AMERICA,TBD FAB TO BE DETERMINED,ALPINE OPTOELECTRONICS IN-0000568455,ROR,X, ,0,0,1000,?
400,568456_568456_554448,10,US,CONTAINERBUYERS LLC,15 HOUSE ACCOUNT,CONTAINERBUYERS LLC - 0000568445,NORTH AMERICA,TBD FAB TO BE DETERMINED,CONTAINERBUYERS LLC-0000568456,ROR,X, ,0,0,1000,?
400,568456_568456_569391,10,US,CONTAINERBUYERS LLC,15 HOUSE ACCOUNT,CONTAINERBUYERS LLC - 0000568445,NORTH AMERICA,TBD FAB TO BE DETERMINED,CONTAINERBUYERS LLC-0000568456,ROR,X, ,0,0,1000,?
400,569107_569107_569107,10,US,NANOCRINE INC,15 HOUSE ACCOUNT,NANOCRINE INC - 0000569107,NORTH AMERICA,TBD FAB TO BE DETERMINED,NANOCRINE INC-0000569107,ROR,X, ,0,0,1000,?
400,569116_569116_569116,10,US,ONEH2 INC,15 HOUSE ACCOUNT,ONEH2 INC - 0000569116,NORTH AMERICA,TBD FAB TO BE DETERMINED,ONEH2 INC-0000569116,ROR,X, ,0,0,1000,?
400,569153_569153_569153,10,US,LUMIODE,15 HOUSE ACCOUNT,LUMIODE - 0000569153,NORTH AMERICA,TBD FAB TO BE DETERMINED,LUMIODE-0000569153,ROR,X, ,0,0,1000,?
400,569161_569161_569161,10,US,AMS CONSULTING,15 HOUSE ACCOUNT,AMS CONSULTING - 0000569161,NORTH AMERICA,TBD FAB TO BE DETERMINED,AMS CONSULTING-0000569161,ROR,X, ,0,0,1000,?
400,569205_569205_569205,10,US,MARVELL GOVERNMENT SOLUTIONS,15 HOUSE ACCOUNT,MARVELL SEMICONDUCTOR INC - 0000539638,NORTH AMERICA,TBD FAB TO BE DETERMINED,MARVELL GOVERNMENT SOLUTI-0000569205,ROR,X, ,0,0,1000,?
400,569206_569206_569996,10,US,LCY ELECTRONIC MATERIALS INC,15 HOUSE ACCOUNT,LCY CHEMICAL CORP - 0000560181,NORTH AMERICA,TBD FAB TO BE DETERMINED,LCY ELECTRONIC MATERIALS-0000569206,ROR,X, ,0,0,1000,?
400,569214_569214_569225,10,US,WATER ARC,15 HOUSE ACCOUNT,WATER ARC - 0000569214,NORTH AMERICA,TBD FAB TO BE DETERMINED,WATER ARC-0000569214,ROR,X, ,0,0,1000,?
400,569226_569226_569226,10,US,ACCUMET MATERIALS CO LLC,15 HOUSE ACCOUNT,ACCUMET MATERIALS CO LLC - 0000569226,NORTH AMERICA,TBD FAB TO BE DETERMINED,ACCUMET MATERIALS CO LLC-0000569226,ROR,X, ,0,0,1000,?
400,569682_569682_569682,10,US,MILL CREEK LIFE SCIENCES LLC,15 HOUSE ACCOUNT,MILL CREEK LIFE SCIENCES LLC - 0000569682,NORTH AMERICA,TBD FAB TO BE DETERMINED,MILL CREEK LIFE SCIENCES-0000569682,ROR,X, ,0,0,1000,?
400,569696_569696_569696,10,US,NATIONAL MICROCHIP,15 HOUSE ACCOUNT,NATIONAL MICROCHIP - 0000566052,NORTH AMERICA,TBD FAB TO BE DETERMINED,NATIONAL MICROCHIP-0000569696,ROR,X, ,0,0,1000,?
400,569700_569700_569700,10,US,NUCLERA NUCLEICS CORPORATION,15 HOUSE ACCOUNT,NUCLERA NUCLEICS CORPORATION - 0000569700,NORTH AMERICA,TBD FAB TO BE DETERMINED,NUCLERA NUCLEICS CORPORAT-0000569700,ROR,X, ,0,0,1000,?
400,569713_569713_569712,10,US,INNOVATIVE ENGINEERING SYSTEMS INC,15 HOUSE ACCOUNT,INNOVATIVE ENGINEERING SYSTEMS INC - 0000569712,NORTH AMERICA,TBD FAB TO BE DETERMINED,INNOVATIVE ENGINEERING SY-0000569713,ROR,X, ,0,0,1000,?
400,569736_569736_520321,10,US,GEORGIA INSTITUTE OF TECHNOLOGY,15 HOUSE ACCOUNT,GEORGIA INSTITUTE OF TECHNOLOGY - 0000509064,NORTH AMERICA,TBD FAB TO BE DETERMINED,GEORGIA INSTITUTE OF TECH-0000569736,ROR,X, ,0,0,1000,?
400,569745_569745_568108,10,US,RESONETICS,15 HOUSE ACCOUNT,RESONETICS LLC - 0000556684,NORTH AMERICA,TBD FAB TO BE DETERMINED,RESONETICS-0000569745,ROR,X, ,0,0,1000,?
400,569746_569746_516305,10,US,DAIKIN AMERICA INC,15 HOUSE ACCOUNT,DAIKIN AMERICA INC - 0000516305,NORTH AMERICA,TBD FAB TO BE DETERMINED,DAIKIN AMERICA INC-0000569746,ROR,X, ,0,0,1000,?
400,IC4230_IC4230_561003,10,CN,ENTEGRIS (SHANGHAI) MICROELECTRONIC,? No Translation,ENTEGRIS INC     USE IC1000-INACTIV - 0000500000,CHINA,? No Translation,ENTEGRIS (SHANGHAI) MICRO-IC4230,?,X, ,0,0,1000,?
400,569706_569706_559147,10,CN,LINDE ENGINEERING APAC CO LTD,02 STRATEGIC ACCT,LINDE GAS LLC - 0000536074,CHINA,TBD FAB TO BE DETERMINED,LINDE ENGINEERING APAC CO-0000569706,ROR,X, ,0,0,1000,?
400,569706_569706_566109,10,CN,LINDE ENGINEERING APAC CO LTD,02 STRATEGIC ACCT,LINDE GAS LLC - 0000536074,CHINA,TBD FAB TO BE DETERMINED,LINDE ENGINEERING APAC CO-0000569706,ROR,X, ,0,0,1000,?
400,569706_569706_569706,10,CN,LINDE ENGINEERING APAC CO LTD,02 STRATEGIC ACCT,LINDE GAS LLC - 0000536074,CHINA,TBD FAB TO BE DETERMINED,LINDE ENGINEERING APAC CO-0000569706,ROR,X, ,0,0,1000,?
400,569218_569218_552057,10,DE,LINDE ELECTRONICS GMBH AND CO KG,02 STRATEGIC ACCT,LINDE GAS LLC - 0000536074,EUROPE,TBD FAB TO BE DETERMINED,LINDE ELECTRONICS GMBH AN-0000569218,ROR,X, ,0,0,1000,?
400,569708_569708_564045,10,KR,AIR LIQUIDE ADVANCED MATERIALS,02 STRATEGIC ACCT,AIR LIQUIDE - 0000553218,KOREA,TBD FAB TO BE DETERMINED,AIR LIQUIDE ADVANCED MATE-0000569708,ROR,X, ,0,0,1000,?
400,570506_570506_570505,10,PH,MICROCHIP TECHNOLOGY OPERATIONS,02 STRATEGIC ACCT,MICROCHIP TECHNOLOGY INC - 0000502516,SE ASIA,TBD FAB TO BE DETERMINED,MICROCHIP TECHNOLOGY OPER-0000570506,ROR,X, ,0,0,1000,?
400,566776_566776_559010,10,SG,LONZA BIOSCIENCE SINGAPORE PTE LTD,02 STRATEGIC ACCT,LONZA AG - 0000564451,SE ASIA,TBD FAB TO BE DETERMINED,LONZA BIOSCIENCE SINGAPOR-0000566776,ROR,X, ,0,0,1000,?
400,569767_569767_563643,10,US,TEL MANUFACTURING and ENGINEERING,02 STRATEGIC ACCT,TEL MANUFACTURING and ENGINEERING - 0000563643,NORTH AMERICA,NOFAB NO FAB IDENTIFIED,TEL MANUFACTURING and ENGIN-0000569767,ROR,X, ,0,0,1000,?
400,569782_569782_569782,10,US,JACAM CATALYST LLC,02 STRATEGIC ACCT,JACAM CATALYST LLC - 0000569782,NORTH AMERICA,NOFAB NO FAB IDENTIFIED,JACAM CATALYST LLC-0000569782,ROR,X, ,0,0,1000,?
400,569783_569783_566517,10,US,ATARA BIOTHERAPEUTICS INC,02 STRATEGIC ACCT,ATARA BIOTHERAPEUTICS INC - 0000569783,NORTH AMERICA,TBD FAB TO BE DETERMINED,ATARA BIOTHERAPEUTICS INC-0000569783,ROR,X, ,0,0,1000,?
400,569808_569808_569807,10,US,AIR LIQUIDE,02 STRATEGIC ACCT,AIR LIQUIDE - 0000553218,NORTH AMERICA,TBD FAB TO BE DETERMINED,AIR LIQUIDE-0000569808,ROR,X, ,0,0,1000,?
400,570180_570180_570180,10,US,AFTON SCIENTIFIC LLC,02 STRATEGIC ACCT,AFTON SCIENTIFIC LLC - 0000570180,NORTH AMERICA,NOFAB NO FAB IDENTIFIED,AFTON SCIENTIFIC LLC-0000570180,ROR,X, ,0,0,1000,?
400,570209_570209_529408,10,US,LINDE,02 STRATEGIC ACCT,LINDE GAS LLC - 0000536074,NORTH AMERICA,TBD FAB TO BE DETERMINED,LINDE-0000570209,ROR,X, ,0,0,1000,?
400,570239_570239_559569,10,US,MIKUNI COLOR,02 STRATEGIC ACCT,MIKUNI COLOR USA - 0000559520,NORTH AMERICA,TBD FAB TO BE DETERMINED,MIKUNI COLOR-0000570239,ROR,X, ,0,0,1000,?
400,570241_570241_558618,10,US,AKRION TECHNOLOGIES INC,02 STRATEGIC ACCT,AKRION TECHNOLOGIES INC - 0000570241,NORTH AMERICA,TBD FAB TO BE DETERMINED,AKRION TECHNOLOGIES INC-0000570241,ROR,X, ,0,0,1000,?
400,570241_570241_570241,10,US,AKRION TECHNOLOGIES INC,02 STRATEGIC ACCT,AKRION TECHNOLOGIES INC - 0000570241,NORTH AMERICA,TBD FAB TO BE DETERMINED,AKRION TECHNOLOGIES INC-0000570241,ROR,X, ,0,0,1000,?
400,570242_570242_508407,10,US,INTEGRATED DNA TECHNOLOGIES INC,02 STRATEGIC ACCT,DANAHER CORPORATION INACTIVE - 0000566403,NORTH AMERICA,TBD FAB TO BE DETERMINED,INTEGRATED DNA TECHNOLOGI-0000570242,ROR,X, ,0,0,1000,?
400,570252_569311_559667,10,US,DIXIE CULLEN,02 STRATEGIC ACCT,AIR LIQUIDE - 0000553218,NORTH AMERICA,TBD FAB TO BE DETERMINED,AIR LIQUIDE-0000569311,ROR,X, ,0,0,1000,?
400,570393_570393_568680,10,US,WOLFSPEED,02 STRATEGIC ACCT,WOLFSPEED - 0000568680,NORTH AMERICA,TBD FAB TO BE DETERMINED,WOLFSPEED-0000570393,ROR,X, ,0,0,1000,?
400,570438_570438_570438,10,US,CORNING LIFE SCIENCES,02 STRATEGIC ACCT,CORNING INC - 0000500821,NORTH AMERICA,TBD FAB TO BE DETERMINED,CORNING LIFE SCIENCES-0000570438,ROR,X, ,0,0,1000,?
400,570453_570453_570347,10,US,CAROLINA COMPONENTS,02 STRATEGIC ACCT,CAROLINA COMPONENTS GROUP - 0000570347,NORTH AMERICA,TBD FAB TO BE DETERMINED,CAROLINA COMPONENTS-0000570453,ROR,X, ,0,0,1000,?
400,570486_570486_552782,10,US,EXCELITAS TECHNOLOGIES,02 STRATEGIC ACCT,EXCELITAS CANADA INC. - 0000547163,NORTH AMERICA,TBD FAB TO BE DETERMINED,EXCELITAS TECHNOLOGIES-0000570486,ROR,X, ,0,0,1000,?
400,570736_570736_564652,10,US,II-VI POWER DEVICES AND MODULES,02 STRATEGIC ACCT,II-VI INCORPORATED - 0000501744,NORTH AMERICA,TBD FAB TO BE DETERMINED,II-VI POWER DEVICES AND M-0000570736,ROR,X, ,0,0,1000,?
400,570768_570768_570768,10,US,AXUS TECHNOLOGY,02 STRATEGIC ACCT,AXUS TECHNOLOGY - 0000570768,NORTH AMERICA,TBD FAB TO BE DETERMINED,AXUS TECHNOLOGY-0000570768,ROR,X, ,0,0,1000,?
400,566193_566193_566193,10,US,II-VI AEROSPACE and DEFENSE,02 STRATEGIC ACCT,II-VI INCORPORATED - 0000501744,NORTH AMERICA,NOFAB NO FAB IDENTIFIED,II-VI AEROSPACE and DEFENSE-0000566193,ROR,X, ,0,0,1000,?
400,566723_566723_568094,10,US,CENTRAL ADMIXTURE PHARMACY SERVICES,02 STRATEGIC ACCT,CAPS PHARMACY - 0000566715,NORTH AMERICA,TBD FAB TO BE DETERMINED,CENTRAL ADMIXTURE PHARMAC-0000566723,ROR,X, ,0,0,1000,?
400,566731_566731_520032,10,US,AIR PRODUCTS and CHEMICALS - LAPORTE,02 STRATEGIC ACCT,AIR PRODUCTS and CHEMICALS INC - 0000520032,NORTH AMERICA,TBD FAB TO BE DETERMINED,AIR PRODUCTS and CHEMICALS-0000566731,ROR,X, ,0,0,1000,?
400,566740_566740_566703,10,US,LINDE INC,02 STRATEGIC ACCT,LINDE GAS LLC - 0000536074,NORTH AMERICA,TBD FAB TO BE DETERMINED,LINDE INC-0000566740,ROR,X, ,0,0,1000,?
400,566751_566751_566466,10,US,WESTERN DIGITAL TECHNOLOGIES INC,02 STRATEGIC ACCT,WESTERN DIGITAL TECHNOLOGIES INC - 0000547220,NORTH AMERICA,TBD FAB TO BE DETERMINED,WESTERN DIGITAL TECHNOLOG-0000566751,ROR,X, ,0,0,1000,?
400,568212_568212_568212,10,US,KYOCERA SLD LASER INC,02 STRATEGIC ACCT,KYOCERA CORPORATION - 0000516888,NORTH AMERICA,TBD FAB TO BE DETERMINED,KYOCERA SLD LASER INC-0000568212,ROR,X, ,0,0,1000,?
400,568227_568227_568212,10,US,KYOCERA,02 STRATEGIC ACCT,KYOCERA CORPORATION - 0000516888,NORTH AMERICA,TBD FAB TO BE DETERMINED,KYOCERA-0000568227,ROR,X, ,0,0,1000,?
400,568281_568281_568281,10,US,PURE PROCESS TECHNOLOGY LLC,02 STRATEGIC ACCT,PURE PROCESS TECHNOLOGY LLC - 0000568281,NORTH AMERICA,TBD FAB TO BE DETERMINED,PURE PROCESS TECHNOLOGY L-0000568281,ROR,X, ,0,0,1000,?
400,568308_568308_568308,10,US,SUMITOMO ELECTRIC CARBIDE INC,02 STRATEGIC ACCT,SUMITOMO ELECTRIC INDUSTRIES - 0000516936,NORTH AMERICA,TBD FAB TO BE DETERMINED,SUMITOMO ELECTRIC CARBIDE-0000568308,ROR,X, ,0,0,1000,?
400,569053_569053_530522,10,US,AIR LIQUIDE,02 STRATEGIC ACCT,AIR LIQUIDE - 0000553218,NORTH AMERICA,TBD FAB TO BE DETERMINED,AIR LIQUIDE-0000569053,ROR,X, ,0,0,1000,?
400,569054_569054_558238,10,US,DIAMOND FOUNDRY,02 STRATEGIC ACCT,DIAMOND FOUNDRY INC - 0000561086,NORTH AMERICA,TBD FAB TO BE DETERMINED,DIAMOND FOUNDRY-0000569054,ROR,X, ,0,0,1000,?
400,569054_569054_561086,10,US,DIAMOND FOUNDRY,02 STRATEGIC ACCT,DIAMOND FOUNDRY INC - 0000561086,NORTH AMERICA,TBD FAB TO BE DETERMINED,DIAMOND FOUNDRY-0000569054,ROR,X, ,0,0,1000,?
400,569108_570393_568680,10,US,WOLFSPEED,02 STRATEGIC ACCT,WOLFSPEED - 0000568680,NORTH AMERICA,NOFAB NO FAB IDENTIFIED,WOLFSPEED-0000570393,ROR,X, ,0,0,1000,?
400,569130_569130_568890,10,US,TEKNOVA,02 STRATEGIC ACCT,ALPHA TEKNOVA INC - 0000568890,NORTH AMERICA,TBD FAB TO BE DETERMINED,TEKNOVA-0000569130,ROR,X, ,0,0,1000,?
400,569166_569166_504046,10,US,TEXAS INSTRUMENTS,02 STRATEGIC ACCT,TEXAS INSTRUMENTS - 0000509019,NORTH AMERICA,TBD FAB TO BE DETERMINED,TEXAS INSTRUMENTS-0000569166,ROR,X, ,0,0,1000,?
400,569166_569166_563822,10,US,TEXAS INSTRUMENTS,02 STRATEGIC ACCT,TEXAS INSTRUMENTS - 0000509019,NORTH AMERICA,TBD FAB TO BE DETERMINED,TEXAS INSTRUMENTS-0000569166,ROR,X, ,0,0,1000,?
400,569219_569219_568898,10,US,LINDE GAS AND EQUIPMENT INC,02 STRATEGIC ACCT,LINDE GAS LLC - 0000536074,NORTH AMERICA,TBD FAB TO BE DETERMINED,LINDE GAS AND EQUIPMENT I-0000569219,ROR,X, ,0,0,1000,?
400,569238_569238_520032,10,US,AIR PRODUCTS AND CHEMICALS INC,02 STRATEGIC ACCT,AIR PRODUCTS and CHEMICALS INC - 0000520032,NORTH AMERICA,TBD FAB TO BE DETERMINED,AIR PRODUCTS AND CHEMICAL-0000569238,ROR,X, ,0,0,1000,?
400,569681_569681_547945,10,US,MICROSS COMP,02 STRATEGIC ACCT,MICROSS COMPONENTS CORP - 0000511112,NORTH AMERICA,TBD FAB TO BE DETERMINED,MICROSS COMP-0000569681,ROR,X, ,0,0,1000,?
400,569681_569681_569681,10,US,MICROSS COMP,02 STRATEGIC ACCT,MICROSS COMPONENTS CORP - 0000511112,NORTH AMERICA,TBD FAB TO BE DETERMINED,MICROSS COMP-0000569681,ROR,X, ,0,0,1000,?
400,569697_569697_557866,10,US,HP INC,02 STRATEGIC ACCT,HEWLETT PACKARD ENTERPRISE CO USE 5 - 0000501571,NORTH AMERICA,NOFAB NO FAB IDENTIFIED,HP INC-0000569697,ROR,X, ,0,0,1000,?
400,569725_569725_500535,10,US,BROOKS AUTOMATION US LLC,02 STRATEGIC ACCT,BROOKS AUTOMATION - 0000500535,NORTH AMERICA,TBD FAB TO BE DETERMINED,BROOKS AUTOMATION US LLC-0000569725,ROR,X, ,0,0,1000,?
400,549743_570112_565789,10,US,RINCHEM COMPANY,22 KAM - CHEMICAL,ENTEGRIS INC     USE IC1000-INACTIV - 0000500000,NORTH AMERICA,TBD FAB TO BE DETERMINED,CMC MATERIALS EC  INC-0000570112,KAM2,X, ,0,0,1000,?
400,568228_568228_568228,10,US,FUJIFILM CELLULAR DYNAMICS INC,22 KAM - CHEMICAL,FUJI FILM - 0000516787,NORTH AMERICA,TBD FAB TO BE DETERMINED,FUJIFILM CELLULAR DYNAMIC-0000568228,KAM2,X, ,0,0,1000,?
400,570488_570488_568137,10,US,MARKETECH INTERNATIONAL CORP USA,EC ENGINEERING COMPANY,MARKETECH INTERNATIONAL - 0000512921,NORTH AMERICA,TBD FAB TO BE DETERMINED,MARKETECH INTERNATIONAL C-0000570488,ROR,X, ,0,0,1000,?
400,569244_569244_541697,10,CN,INTEL SEMICONDUCTOR STORAGE,GA KAM - INTEL,INTEL CORPORATION - 0000501841,CHINA,TBD FAB TO BE DETERMINED,INTEL SEMICONDUCTOR STORA-0000569244,KAM1,X, ,0,0,1000,?
400,569244_569244_569244,10,CN,INTEL SEMICONDUCTOR STORAGE,GA KAM - INTEL,INTEL CORPORATION - 0000501841,CHINA,TBD FAB TO BE DETERMINED,INTEL SEMICONDUCTOR STORA-0000569244,KAM1,X, ,0,0,1000,?
400,570802_570802_501826,10,US,INTEL CORP,GA KAM - INTEL,INTEL CORPORATION - 0000501841,NORTH AMERICA,NOFAB NO FAB IDENTIFIED,INTEL CORP-0000570802,KAM1,X, ,0,0,1000,?
400,566490_566490_566489,10,US,ORBIT ENGINEERING LLC,Z8 NOT ASSIGNED,ORBIT ENGINEERING LLC - 0000566489,NORTH AMERICA,TBD FAB TO BE DETERMINED,ORBIT ENGINEERING LLC-0000566490,ROR,X, ,0,0,1000,?
400,569316_569316_501826,10,US,ENTEGRIS INC,Z8 NOT ASSIGNED,ENTEGRIS INC     USE IC1000-INACTIV - 0000500000,NORTH AMERICA,NOFAB NO FAB IDENTIFIED,ENTEGRIS INC-0000569316,ROR,X, ,0,0,1000,?
400,569866_569866_569866,10,CA,NOTCH THERAPEUTICS (CANADA) INC,15 HOUSE ACCOUNT,NOTCH THERAPEUTICS (CANADA) INC - 0000569866,NORTH AMERICA,TBD FAB TO BE DETERMINED,NOTCH THERAPEUTICS (CANAD-0000569866,ROR,X, ,0,0,1000,?
400,568553_568553_568553,10,CH,KUHNER,15 HOUSE ACCOUNT,KUHNER - 0000568553,EUROPE,NOFAB NO FAB IDENTIFIED,KUHNER-0000568553,ROR,X, ,0,0,1000,?
400,568615_568615_568615,10,CN,PROCHIP GAS (SHANGHAI) CO LTD,15 HOUSE ACCOUNT,PROCHIP GAS (SHANGHAI) CO LTD - 0000568615,CHINA,TBD FAB TO BE DETERMINED,PROCHIP GAS (SHANGHAI) CO-0000568615,ROR,X, ,0,0,1000,?
400,569277_569277_569277,10,CN,KUN YUAN HOLDINGS CO LTD,15 HOUSE ACCOUNT,KUN YUAN HOLDINGS CO LTD - 0000569277,CHINA,TBD FAB TO BE DETERMINED,KUN YUAN HOLDINGS CO LTD-0000569277,ROR,X, ,0,0,1000,?
400,568556_568556_568556,10,ES,BIOTECH FOODS,15 HOUSE ACCOUNT,BIOTECH FOODS - 0000568556,EUROPE,NOFAB NO FAB IDENTIFIED,BIOTECH FOODS-0000568556,ROR,X, ,0,0,1000,?
400,568557_568557_568557,10,ES,VYTRUS BIOTECH,15 HOUSE ACCOUNT,VYTRUS BIOTECH - 0000568557,EUROPE,TBD FAB TO BE DETERMINED,VYTRUS BIOTECH-0000568557,ROR,X, ,0,0,1000,?
400,569841_569841_568987,10,US,PSA SERVICES INC,15 HOUSE ACCOUNT,PSA SERVICES INC - 0000569841,NORTH AMERICA,NOFAB NO FAB IDENTIFIED,PSA SERVICES INC-0000569841,ROR,X, ,0,0,1000,?
400,569857_569857_569857,10,US,FERRIC SEMICONDUCTOR INC,15 HOUSE ACCOUNT,FERRIC SEMICONDUCTOR INC - 0000569857,NORTH AMERICA,TBD FAB TO BE DETERMINED,FERRIC SEMICONDUCTOR INC-0000569857,ROR,X, ,0,0,1000,?
400,569864_569864_569864,10,US,RAM PHOTONICS LLC,15 HOUSE ACCOUNT,RAM PHOTONICS LLC - 0000569864,NORTH AMERICA,TBD FAB TO BE DETERMINED,RAM PHOTONICS LLC-0000569864,ROR,X, ,0,0,1000,?
400,570058_570058_570058,10,US,HTA ENTERPRISES,15 HOUSE ACCOUNT,HTA ENTERPRISES - 0000539738,NORTH AMERICA,TBD FAB TO BE DETERMINED,HTA ENTERPRISES-0000570058,ROR,X, ,0,0,1000,?
400,570059_570059_570059,10,US,SCATTER WORKS INC,15 HOUSE ACCOUNT,SCATTER WORKS INC - 0000570059,NORTH AMERICA,TBD FAB TO BE DETERMINED,SCATTER WORKS INC-0000570059,ROR,X, ,0,0,1000,?
400,570069_570069_542012,10,US,INTERNATIONAL RESISTIVE CO INC,15 HOUSE ACCOUNT,INTERNATIONAL RESISTIVE CO INC - 0000570069,NORTH AMERICA,TBD FAB TO BE DETERMINED,INTERNATIONAL RESISTIVE C-0000570069,ROR,X, ,0,0,1000,?
400,570069_570069_570069,10,US,INTERNATIONAL RESISTIVE CO INC,15 HOUSE ACCOUNT,INTERNATIONAL RESISTIVE CO INC - 0000570069,NORTH AMERICA,TBD FAB TO BE DETERMINED,INTERNATIONAL RESISTIVE C-0000570069,ROR,X, ,0,0,1000,?
400,570070_570070_570070,10,US,VIZGEN INC,15 HOUSE ACCOUNT,VIZGEN INC INACTIVE - 0000563396,NORTH AMERICA,TBD FAB TO BE DETERMINED,VIZGEN INC-0000570070,ROR,X, ,0,0,1000,?
400,570823_570823_570823,10,US,HAUSSER SCIENTIFIC COMPANY,15 HOUSE ACCOUNT,HAUSSER SCIENTIFIC COMPANY - 0000570823,NORTH AMERICA,TBD FAB TO BE DETERMINED,HAUSSER SCIENTIFIC COMPAN-0000570823,ROR,X, ,0,0,1000,?
400,570839_570839_559922,10,US,FULCRUM LOGISTICS,15 HOUSE ACCOUNT,FULCRUM LOGISTICS - 0000570839,NORTH AMERICA,TBD FAB TO BE DETERMINED,FULCRUM LOGISTICS-0000570839,ROR,X, ,0,0,1000,?
400,570848_570848_570848,10,US,ALLTECH PRECISION MANUFACTURING,15 HOUSE ACCOUNT,ALLTECH PRECISION MANUFACTURING - 0000570848,NORTH AMERICA,TBD FAB TO BE DETERMINED,ALLTECH PRECISION MANUFAC-0000570848,ROR,X, ,0,0,1000,?
400,565053_565053_527586,10,US,APPLIED INDUSTRIAL TECHNOLOGIES,15 HOUSE ACCOUNT,APPLIED INDUSTRIAL TECH - 0000527586,NORTH AMERICA,NOFAB NO FAB IDENTIFIED,APPLIED INDUSTRIAL TECHNO-0000565053,ROR,X, ,0,0,1000,?
400,566365_566365_566365,10,US,ATOMICA CORP,15 HOUSE ACCOUNT,ATOMICA CORP - 0000566365,NORTH AMERICA,TBD FAB TO BE DETERMINED,ATOMICA CORP-0000566365,ROR,X, ,0,0,1000,?
400,566398_566398_566397,10,US,COLLINS AEROSPACE,15 HOUSE ACCOUNT,COLLINS AEROSPACE - 0000566397,NORTH AMERICA,TBD FAB TO BE DETERMINED,COLLINS AEROSPACE-0000566398,ROR,X, ,0,0,1000,?
400,566400_566400_501266,10,US,10X GENOMICS INC,15 HOUSE ACCOUNT,10X GENOMICS INC - 0000568134,NORTH AMERICA,TBD FAB TO BE DETERMINED,10X GENOMICS INC-0000566400,ROR,X, ,0,0,1000,?
400,566400_566400_568134,10,US,10X GENOMICS INC,15 HOUSE ACCOUNT,10X GENOMICS INC - 0000568134,NORTH AMERICA,TBD FAB TO BE DETERMINED,10X GENOMICS INC-0000566400,ROR,X, ,0,0,1000,?
400,566411_566411_566385,10,US,SNYDER INDUSTRIES LLC,15 HOUSE ACCOUNT,SNYDER INDUSTRIES INC - 0000503724,NORTH AMERICA,TBD FAB TO BE DETERMINED,SNYDER INDUSTRIES LLC-0000566411,ROR,X, ,0,0,1000,?
400,566412_566412_566412,10,US,WAVEFRONT VISION INC,15 HOUSE ACCOUNT,WAVEFRONT VISION INC - 0000566412,NORTH AMERICA,TBD FAB TO BE DETERMINED,WAVEFRONT VISION INC-0000566412,ROR,X, ,0,0,1000,?
400,566413_566413_566413,10,US,UNIVERSITY OF CALIFORNIA,15 HOUSE ACCOUNT,UNIVERSITY OF CALIFORNIA - 0000504266,NORTH AMERICA,TBD FAB TO BE DETERMINED,UNIVERSITY OF CALIFORNIA-0000566413,ROR,X, ,0,0,1000,?
400,566425_566425_566425,10,US,INANOBIO INC,15 HOUSE ACCOUNT,INANOBIO INC - 0000566425,NORTH AMERICA,TBD FAB TO BE DETERMINED,INANOBIO INC-0000566425,ROR,X, ,0,0,1000,?
400,566426_566426_566426,10,US,QUANTUM CIRCUITS INC,15 HOUSE ACCOUNT,QUANTUM CIRCUITS INC - 0000558943,NORTH AMERICA,TBD FAB TO BE DETERMINED,QUANTUM CIRCUITS INC-0000566426,ROR,X, ,0,0,1000,?
400,566486_566486_503625,10,US,SEMTECH CORPUS CHRISTI,15 HOUSE ACCOUNT,SEMTECH CORP - 0000503625,NORTH AMERICA,TBD FAB TO BE DETERMINED,SEMTECH CORPUS CHRISTI-0000566486,ROR,X, ,0,0,1000,?
400,566500_566500_566500,10,US,MAX SOLUTION  INC,15 HOUSE ACCOUNT,MAX SOLUTION  INC - 0000566500,NORTH AMERICA,TBD FAB TO BE DETERMINED,MAX SOLUTION  INC-0000566500,ROR,X, ,0,0,1000,?
400,568478_568478_568478,10,US,MULTIPARTS INC,15 HOUSE ACCOUNT,MULTIPARTS INC - 0000568478,NORTH AMERICA,TBD FAB TO BE DETERMINED,MULTIPARTS INC-0000568478,ROR,X, ,0,0,1000,?
400,568480_568480_568480,10,US,AEYE INC,15 HOUSE ACCOUNT,AEYE INC - 0000568480,NORTH AMERICA,TBD FAB TO BE DETERMINED,AEYE INC-0000568480,ROR,X, ,0,0,1000,?
400,568488_568488_568488,10,US,UNITED SILICON CARBIDE INC,15 HOUSE ACCOUNT,UNITED SILICON CARBIDE INC - 0000539961,NORTH AMERICA,TBD FAB TO BE DETERMINED,UNITED SILICON CARBIDE IN-0000568488,ROR,X, ,0,0,1000,?
400,568493_568493_568493,10,US,GLOBUS INDUSTRIES,15 HOUSE ACCOUNT,GLOBUS INDUSTRIES - 0000544302,NORTH AMERICA,TBD FAB TO BE DETERMINED,GLOBUS INDUSTRIES-0000568493,ROR,X, ,0,0,1000,?
400,568494_568494_568494,10,US,SYRACUSE UNIVERSITY,15 HOUSE ACCOUNT,SYRACUSE UNIVERSITY - 0000568494,NORTH AMERICA,TBD FAB TO BE DETERMINED,SYRACUSE UNIVERSITY-0000568494,ROR,X, ,0,0,1000,?
400,568523_568523_568522,10,US,AWS CQC,15 HOUSE ACCOUNT,AMAZON.COM SERVICE LLC - 0000564597,NORTH AMERICA,TBD FAB TO BE DETERMINED,AWS CQC-0000568523,ROR,X, ,0,0,1000,?
400,568549_568549_568549,10,US,EMPOWER SEMICONDUCTOR INC,15 HOUSE ACCOUNT,EMPOWER SEMICONDUCTOR INC - 0000568549,NORTH AMERICA,TBD FAB TO BE DETERMINED,EMPOWER SEMICONDUCTOR INC-0000568549,ROR,X, ,0,0,1000,?
400,568614_568614_568614,10,US,TYNT TECHNOLOGIES INC,15 HOUSE ACCOUNT,TYNT TECHNOLOGIES INC - 0000568614,NORTH AMERICA,TBD FAB TO BE DETERMINED,TYNT TECHNOLOGIES INC-0000568614,ROR,X, ,0,0,1000,?
400,568622_568622_532503,10,US,UNIVERSITY OF WASHINGTON,15 HOUSE ACCOUNT,UNIVERSITY OF WASHINGTON - 0000504430,NORTH AMERICA,TBD FAB TO BE DETERMINED,UNIVERSITY OF WASHINGTON-0000568622,ROR,X, ,0,0,1000,?
400,569270_569270_565375,10,US,CELGENE CORP,15 HOUSE ACCOUNT,CELGENE CORPORATION - 0000565375,NORTH AMERICA,TBD FAB TO BE DETERMINED,CELGENE CORP-0000569270,ROR,X, ,0,0,1000,?
400,569281_569281_501266,10,US,VERVE THERAPEUTICS INC,15 HOUSE ACCOUNT,VERVE THERAPEUTICS INC - 0000569281,NORTH AMERICA,TBD FAB TO BE DETERMINED,VERVE THERAPEUTICS INC-0000569281,ROR,X, ,0,0,1000,?
400,569281_569281_568627,10,US,VERVE THERAPEUTICS INC,15 HOUSE ACCOUNT,VERVE THERAPEUTICS INC - 0000569281,NORTH AMERICA,TBD FAB TO BE DETERMINED,VERVE THERAPEUTICS INC-0000569281,ROR,X, ,0,0,1000,?
400,569337_569337_569432,10,US,RETRONIX,15 HOUSE ACCOUNT,RETRONIX - 0000569337,NORTH AMERICA,TBD FAB TO BE DETERMINED,RETRONIX-0000569337,ROR,X, ,0,0,1000,?
400,569383_569383_569382,10,US,KINETICO INCORPORATED,15 HOUSE ACCOUNT,KINETICO INCORPORATED - 0000569382,NORTH AMERICA,TBD FAB TO BE DETERMINED,KINETICO INCORPORATED-0000569383,ROR,X, ,0,0,1000,?
400,569242_569242_569242,10,CA,SMITHS INTERCONNECT CANADA,? No Translation,SMITHS INTERCONNECT CANADA - 0000569242,NORTH AMERICA,TBD FAB TO BE DETERMINED,SMITHS INTERCONNECT CANAD-0000569242,ROR,X, ,0,0,1000,?
400,IC4178_IC4178_560545,10,KR,HANGUK ENTEGRIS CO LTD,? No Translation,ENTEGRIS INC     USE IC1000-INACTIV - 0000500000,KOREA,? No Translation,HANGUK ENTEGRIS CO LTD-IC4178,?,X, ,0,0,1000,?
400,IC4178_IC4178_560868,10,KR,HANGUK ENTEGRIS CO LTD,? No Translation,ENTEGRIS INC     USE IC1000-INACTIV - 0000500000,KOREA,? No Translation,HANGUK ENTEGRIS CO LTD-IC4178,?,X, ,0,0,1000,?
400,IC4190_IC4190_560262,10,SG,ENTEGRIS SINGAPORE PTE LTD,? No Translation,ENTEGRIS INC     USE IC1000-INACTIV - 0000500000,SE ASIA,? No Translation,ENTEGRIS SINGAPORE PTE LT-IC4190,?,X, ,0,0,1000,?
400,IC4220_IC4220_504978,10,TW,ENTEGRIS ASIA LLC TW BRANCH,? No Translation,ENTEGRIS INC     USE IC1000-INACTIV - 0000500000,TAIWAN,TBD FAB TO BE DETERMINED,ENTEGRIS ASIA LLC TW BRAN-IC4220,?,X, ,0,0,1000,?
400,IC1700_IC1700_529698,10,US,ENTEGRIS INC,? No Translation,ENTEGRIS INC     USE IC1000-INACTIV - 0000500000,NORTH AMERICA,? No Translation,ENTEGRIS INC-IC1700,?,X, ,0,0,1000,?
400,566469_566469_561126,10,AT,EXYTE PROJECT OFFICE,02 STRATEGIC ACCT,EXYTE US INC - 0000560268,EUROPE,TBD FAB TO BE DETERMINED,EXYTE PROJECT OFFICE-0000566469,ROR,X, ,0,0,1000,?
400,566366_566366_566366,10,BR,CARIFLEX INDUSTRIA E COMERCIO DE,02 STRATEGIC ACCT,CARIFLEX INDUSTRIA E COMERCIO DE - 0000566366,NORTH AMERICA,NOFAB NO FAB IDENTIFIED,CARIFLEX INDUSTRIA E COME-0000566366,ROR,X, ,0,0,1000,?
400,568554_568554_568554,10,CH,MODERNA SWITZERLAND GMBH,02 STRATEGIC ACCT,MODERNA THERAPEUTICS - 0000560703,EUROPE,NOFAB NO FAB IDENTIFIED,MODERNA SWITZERLAND GMBH-0000568554,ROR,X, ,0,0,1000,?
400,569373_569373_569373,10,CN,SAINT-GOBAIN LIFE SCIENCES,02 STRATEGIC ACCT,SAINT-GOBAIN INACTIVE - 0000541569,CHINA,TBD FAB TO BE DETERMINED,SAINT-GOBAIN LIFE SCIENCE-0000569373,ROR,X, ,0,0,1000,?
400,568580_568580_568580,10,IN,SERUM INSTITUTE OF INDIA PVT,02 STRATEGIC ACCT,SERUM INSTITUTE OF INDIA PVT LTD - 0000566072,EUROPE,NOFAB NO FAB IDENTIFIED,SERUM INSTITUTE OF INDIA-0000568580,ROR,X, ,0,0,1000,?
400,569849_569849_569849,10,MX,JABIL EMS SWITZERLAND GMBH,02 STRATEGIC ACCT,JABIL CIRCUIT LTD - 0000537203,NORTH AMERICA,TBD FAB TO BE DETERMINED,JABIL EMS SWITZERLAND GMB-0000569849,ROR,X, ,0,0,1000,?
400,569257_569257_560262,10,SG,AIR LIQUIDE SINGAPORE PRIVATE,02 STRATEGIC ACCT,AIR PRODUCTS and CHEMICALS INC - 0000520032,SE ASIA,TBD FAB TO BE DETERMINED,AIR LIQUIDE SINGAPORE PRI-0000569257,ROR,X, ,0,0,1000,?
400,569840_569840_529408,10,US,LINDE INC,02 STRATEGIC ACCT,LINDE GAS LLC - 0000536074,NORTH AMERICA,TBD FAB TO BE DETERMINED,LINDE INC-0000569840,ROR,X, ,0,0,1000,?
400,569882_569882_569882,10,US,I LINK MECHANICAL LLC,02 STRATEGIC ACCT,I LINK MECHANICAL LLC - 0000569882,NORTH AMERICA,TBD FAB TO BE DETERMINED,I LINK MECHANICAL LLC-0000569882,ROR,X, ,0,0,1000,?
400,569883_569883_569883,10,US,DIODES US MANUFACTURING INC,02 STRATEGIC ACCT,DIODES ZETEX SEMICONDUCTORS LTD - 0000541973,NORTH AMERICA,TBD FAB TO BE DETERMINED,DIODES US MANUFACTURING I-0000569883,ROR,X, ,0,0,1000,?
400,570019_570019_570019,10,US,EDITAS MEDICINE,02 STRATEGIC ACCT,EDITAS MEDICINE - 0000570019,NORTH AMERICA,TBD FAB TO BE DETERMINED,EDITAS MEDICINE-0000570019,ROR,X, ,0,0,1000,?
400,570847_570847_570847,10,US,KYTOPEN CORP,02 STRATEGIC ACCT,KYTOPEN CORP - 0000569005,NORTH AMERICA,TBD FAB TO BE DETERMINED,KYTOPEN CORP-0000570847,ROR,X, ,0,0,1000,?
400,570849_570849_564685,10,US,HBT LABS,02 STRATEGIC ACCT,HBT LABS INC - 0000558313,NORTH AMERICA,TBD FAB TO BE DETERMINED,HBT LABS-0000570849,ROR,X, ,0,0,1000,?
400,566393_566393_566392,10,US,MITSUBISHI MATERIALS USA CORPORATIO,02 STRATEGIC ACCT,MITSUBISHI MATERIALS CERAMICS - 0000516904,NORTH AMERICA,TBD FAB TO BE DETERMINED,MITSUBISHI MATERIALS USA-0000566393,ROR,X, ,0,0,1000,?
400,566423_566423_566423,10,US,GIGAGEN,02 STRATEGIC ACCT,GIGAGEN - 0000566423,NORTH AMERICA,NOFAB NO FAB IDENTIFIED,GIGAGEN-0000566423,ROR,X, ,0,0,1000,?
400,566424_566424_566424,10,US,UNIVERSAL DISPLAY CORPORATION,02 STRATEGIC ACCT,UNIVERSAL DISPLAY CORP - 0000507587,NORTH AMERICA,TBD FAB TO BE DETERMINED,UNIVERSAL DISPLAY CORPORA-0000566424,ROR,X, ,0,0,1000,?
400,566445_566445_566445,10,US,BINI GENERAL TRADING LLC,02 STRATEGIC ACCT,BINI GENERAL TRADING LLC - 0000566445,NORTH AMERICA,TBD FAB TO BE DETERMINED,BINI GENERAL TRADING LLC-0000566445,ROR,X, ,0,0,1000,?
400,566446_566446_568214,10,US,SAINT PAUL REGIONAL WATER SERVICES,02 STRATEGIC ACCT,SAINT PAUL REGIONAL WATER SERVICES - 0000566446,NORTH AMERICA,NOFAB NO FAB IDENTIFIED,SAINT PAUL REGIONAL WATER-0000566446,ROR,X, ,0,0,1000,?
400,566449_566449_566449,10,US,HALIO INC,02 STRATEGIC ACCT,HALIO INC - 0000566449,NORTH AMERICA,TBD FAB TO BE DETERMINED,HALIO INC-0000566449,ROR,X, ,0,0,1000,?
400,566474_566474_564496,10,US,BISCO INDUSTRIES,02 STRATEGIC ACCT,BISCO INDUSTRIES INC - 0000538469,NORTH AMERICA,NOFAB NO FAB IDENTIFIED,BISCO INDUSTRIES-0000566474,ROR,X, ,0,0,1000,?
400,566485_566485_508407,10,US,INTEGRATED DNA TECHNOLOGIES INC,02 STRATEGIC ACCT,DANAHER CORPORATION INACTIVE - 0000566403,NORTH AMERICA,TBD FAB TO BE DETERMINED,INTEGRATED DNA TECHNOLOGI-0000566485,ROR,X, ,0,0,1000,?
400,566487_566487_566487,10,US,ENF KYLE TECHNOLOGY LLC,02 STRATEGIC ACCT,ENF TECHNOLOGY CO LTD - 0000555335,NORTH AMERICA,TBD FAB TO BE DETERMINED,ENF KYLE TECHNOLOGY LLC-0000566487,ROR,X, ,0,0,1000,?
400,567722_567722_559922,10,US,JCB PACKAGING LLC,02 STRATEGIC ACCT,JCB PACKAGING LLC - 0000567722,NORTH AMERICA,TBD FAB TO BE DETERMINED,JCB PACKAGING LLC-0000567722,ROR,X, ,0,0,1000,?
400,568507_568507_568507,10,US,AKRON BIOTECHNOLOGY LLC,02 STRATEGIC ACCT,AKRON BIOTECHNOLOGY LLC - 0000568507,NORTH AMERICA,TBD FAB TO BE DETERMINED,AKRON BIOTECHNOLOGY LLC-0000568507,ROR,X, ,0,0,1000,?
400,568508_568508_568508,10,US,LGC GENOMICS LLC,02 STRATEGIC ACCT,LGC GENOMICS LIMITED - 0000565225,NORTH AMERICA,TBD FAB TO BE DETERMINED,LGC GENOMICS LLC-0000568508,ROR,X, ,0,0,1000,?
400,568572_568572_504046,10,US,TEXAS INSTRUMENT,02 STRATEGIC ACCT,TEXAS INSTRUMENTS - 0000509019,NORTH AMERICA,TBD FAB TO BE DETERMINED,TEXAS INSTRUMENT-0000568572,ROR,X, ,0,0,1000,?
400,568574_568574_557737,10,US,SKYWATER TECHNOLOGY FOUNDRY INC,02 STRATEGIC ACCT,SKYWATER TECHNOLOGY FOUNDRY INC - 0000557737,NORTH AMERICA,TBD FAB TO BE DETERMINED,SKYWATER TECHNOLOGY FOUND-0000568574,ROR,X, ,0,0,1000,?
400,568613_568613_556462,10,US,VALLEN DIST GREENVILLE SC,02 STRATEGIC ACCT,VALLEN DISTRIBUTION INC - 0000556462,NORTH AMERICA,TBD FAB TO BE DETERMINED,VALLEN DIST GREENVILLE SC-0000568613,ROR,X, ,0,0,1000,?
400,568657_568657_568656,10,US,ONCORUS,02 STRATEGIC ACCT,ONCORUS INC - 0000568656,NORTH AMERICA,TBD FAB TO BE DETERMINED,ONCORUS-0000568657,ROR,X, ,0,0,1000,?
400,569249_569249_520032,10,US,AIR PRODUCTS AND CHEMICALS INC,02 STRATEGIC ACCT,AIR PRODUCTS and CHEMICALS INC - 0000520032,NORTH AMERICA,TBD FAB TO BE DETERMINED,AIR PRODUCTS AND CHEMICAL-0000569249,ROR,X, ,0,0,1000,?
400,569260_569260_508559,10,US,APPLE C/O ELITE LOGISTICS,02 STRATEGIC ACCT,APPLE COMPUTER INC - 0000508559,NORTH AMERICA,TBD FAB TO BE DETERMINED,APPLE C/O ELITE LOGISTICS-0000569260,ROR,X, ,0,0,1000,?
400,569269_569269_569269,10,US,I LINK MECHANICAL LLC USE 569882,02 STRATEGIC ACCT,I LINK MECHANICAL LLC USE 569882 - 0000569269,NORTH AMERICA,TBD FAB TO BE DETERMINED,I LINK MECHANICAL LLC USE-0000569269,ROR,X, ,0,0,1000,?
400,569282_569282_569282,10,US,PACIFIC INTEGRATED ENERGY,02 STRATEGIC ACCT,PACIFIC INTEGRATED ENERGY - 0000569282,NORTH AMERICA,TBD FAB TO BE DETERMINED,PACIFIC INTEGRATED ENERGY-0000569282,ROR,X, ,0,0,1000,?
400,569283_569283_569283,10,US,PROPERSYS CORPORATION,02 STRATEGIC ACCT,PROPERSYS CORPORATION - 0000569283,NORTH AMERICA,TBD FAB TO BE DETERMINED,PROPERSYS CORPORATION-0000569283,ROR,X, ,0,0,1000,?
400,569296_569296_569005,10,US,MIKRON CORPORATION DENVER,02 STRATEGIC ACCT,MIKRON CORPORATION DENVER - 0000569296,NORTH AMERICA,TBD FAB TO BE DETERMINED,MIKRON CORPORATION DENVER-0000569296,ROR,X, ,0,0,1000,?
400,569312_569312_569312,10,US,WOOLLAM J A,02 STRATEGIC ACCT,WOOLLAM J A - 0000569312,NORTH AMERICA,TBD FAB TO BE DETERMINED,WOOLLAM J A-0000569312,ROR,X, ,0,0,1000,?
400,569355_569355_558120,10,US,BENCHMARK PRODUCTS,02 STRATEGIC ACCT,BENCHMARK PRODUCTS - 0000569355,NORTH AMERICA,TBD FAB TO BE DETERMINED,BENCHMARK PRODUCTS-0000569355,ROR,X, ,0,0,1000,?
400,569355_569355_569355,10,US,BENCHMARK PRODUCTS,02 STRATEGIC ACCT,BENCHMARK PRODUCTS - 0000569355,NORTH AMERICA,TBD FAB TO BE DETERMINED,BENCHMARK PRODUCTS-0000569355,ROR,X, ,0,0,1000,?
400,569356_569356_501826,10,US,SandM MOVING SYSTEMS / UNITED VAN LIN,02 STRATEGIC ACCT,SandM MOVING SYSTEMS / UNITED VAN LIN - 0000569356,NORTH AMERICA,TBD FAB TO BE DETERMINED,SandM MOVING SYSTEMS / UNIT-0000569356,ROR,X, ,0,0,1000,?
400,569863_569863_554158,10,TW,MERCK PERFORMANCE MATERIALS LTD,22 KAM - CHEMICAL,MERCK - 0000525341,TAIWAN,TBD FAB TO BE DETERMINED,MERCK PERFORMANCE MATERIA-0000569863,KAM2,X, ,0,0,1000,?
400,568548_568548_558704,10,TW,VERSUM MATERIALS TECHNOLOGY LLC,22 KAM - CHEMICAL,MERCK - 0000525341,TAIWAN,TBD FAB TO BE DETERMINED,VERSUM MATERIALS TECHNOLO-0000568548,KAM2,X, ,0,0,1000,?
400,556159_570112_565789,10,US,VERSUM MATERIALS US LLC,22 KAM - CHEMICAL,ENTEGRIS INC     USE IC1000-INACTIV - 0000500000,NORTH AMERICA,TBD FAB TO BE DETERMINED,CMC MATERIALS EC  INC-0000570112,KAM2,X, ,0,0,1000,?
400,565790_570112_565789,10,US,CMC MATERIALS EC INC USE 570108,22 KAM - CHEMICAL,ENTEGRIS INC     USE IC1000-INACTIV - 0000500000,NORTH AMERICA,NOFAB NO FAB IDENTIFIED,CMC MATERIALS EC  INC-0000570112,KAM2,X, ,0,0,1000,?
400,566422_566422_566422,10,US,EMD MILLIPORE CORP,22 KAM - CHEMICAL,MERCK - 0000525341,NORTH AMERICA,TBD FAB TO BE DETERMINED,EMD MILLIPORE CORP-0000566422,KAM2,X, ,0,0,1000,?
400,568564_568564_565789,10,US,ON TIME SERVICES LLC USE 570113,22 KAM - CHEMICAL,CABOT MICROELECTRONICS USE 569339 - 0000500566,NORTH AMERICA,TBD FAB TO BE DETERMINED,ON TIME SERVICES LLC USE-0000568564,KAM2,X, ,0,0,1000,?
400,568564_570112_565789,10,US,ON TIME SERVICES LLC USE 570113,22 KAM - CHEMICAL,ENTEGRIS INC     USE IC1000-INACTIV - 0000500000,NORTH AMERICA,TBD FAB TO BE DETERMINED,CMC MATERIALS EC  INC-0000570112,KAM2,X, ,0,0,1000,?
400,569339_569339_569339,10,US,CMC MATERIALS USE 570109,22 KAM - CHEMICAL,CABOT MICROELECTRONICS USE 569339 - 0000500566,NORTH AMERICA,TBD FAB TO BE DETERMINED,CMC MATERIALS USE 570109-0000569339,KAM2,X, ,0,0,1000,?
400,569340_569340_500566,10,US,CMC MATERIALS USE 570110,22 KAM - CHEMICAL,CABOT MICROELECTRONICS USE 569339 - 0000500566,NORTH AMERICA,TBD FAB TO BE DETERMINED,CMC MATERIALS USE 570110-0000569340,KAM2,X, ,0,0,1000,?
400,569340_570109_569339,10,US,CMC MATERIALS USE 570110,22 KAM - CHEMICAL,ENTEGRIS INC     USE IC1000-INACTIV - 0000500000,NORTH AMERICA,TBD FAB TO BE DETERMINED,CMC MATERIALS-0000570109,KAM2,X, ,0,0,1000,?
400,566171_566171_566171,10,JP,SURPHASE CORP,09 RESELLER,SURPHASE CORP - 0000566171,JAPAN,NOFAB NO FAB IDENTIFIED,SURPHASE CORP-0000566171,ROR,X, ,0,0,1000,?
400,569915_569915_566303,10,US,TSMC  FAB 21,GE KAM - TSMC,TAIWAN SEMICONDUCTOR MANF CO LTD - 0000504978,NORTH AMERICA,TBD FAB TO BE DETERMINED,TSMC  FAB 21-0000569915,KAM1,X, ,0,0,1000,?
400,569665_569665_569008,10,IL,INTEL ELECTRONICS LTD,GA KAM - INTEL,INTEL CORPORATION - 0000501841,EUROPE,TBD FAB TO BE DETERMINED,INTEL ELECTRONICS LTD-0000569665,KAM1,X, ,0,0,1000,?
400,569940_569940_501826,10,US,INTEL CORP,GA KAM - INTEL,INTEL CORPORATION - 0000501841,NORTH AMERICA,NOFAB NO FAB IDENTIFIED,INTEL CORP-0000569940,KAM1,X, ,0,0,1000,?
400,569924_569924_568228,10,US,ENTEGRIS INC,Z8 NOT ASSIGNED,ENTEGRIS INC     USE IC1000-INACTIV - 0000500000,NORTH AMERICA,NOFAB NO FAB IDENTIFIED,ENTEGRIS INC-0000569924,ROR,X, ,0,0,1000,?
400,570124_570124_570124,10,US,INNOVATIONS IN OPTICS INC,Z8 NOT ASSIGNED,INNOVATIONS IN OPTICS INC - 0000570124,NORTH AMERICA,TBD FAB TO BE DETERMINED,INNOVATIONS IN OPTICS INC-0000570124,ROR,X, ,0,0,1000,?
400,570130_570130_570130,10,US,AIM PRODUCTS LLC,Z8 NOT ASSIGNED,AIM PRODUCTS LLC - 0000570130,NORTH AMERICA,TBD FAB TO BE DETERMINED,AIM PRODUCTS LLC-0000570130,ROR,X, ,0,0,1000,?
400,566114_566114_566114,10,DE,S3 ALLIANCE GMBH,04 SCP - SOLD TO,S3 ALLIANCE GMBH - 0000566114,EUROPE,NOFAB NO FAB IDENTIFIED,S3 ALLIANCE GMBH-0000566114,ROR,X, ,0,0,1000,?
400,566155_566155_566155,10,SG,KROMAX SOUTH ASIA,04 SCP - SOLD TO,KROMAX SOUTH ASIA - 0000566155,SE ASIA,NOFAB NO FAB IDENTIFIED,KROMAX SOUTH ASIA-0000566155,ROR,X, ,0,0,1000,?
400,566677_566677_566677,10,AR,DEVRE INTERNACIONAL SA,15 HOUSE ACCOUNT,DEVRE INTERNACIONAL SA - 0000566677,NORTH AMERICA,TBD FAB TO BE DETERMINED,DEVRE INTERNACIONAL SA-0000566677,ROR,X, ,0,0,1000,?
400,569656_569656_569656,10,CA,NORTHERN RNA INC,15 HOUSE ACCOUNT,NORTHERN RNA INC - 0000569656,NORTH AMERICA,TBD FAB TO BE DETERMINED,NORTHERN RNA INC-0000569656,ROR,X, ,0,0,1000,?
400,569538_569538_569538,10,CN,ANHUI GUANGGANG GAS ELECTRONIC MATE,15 HOUSE ACCOUNT,ANHUI GUANGGANG GAS ELECTRONIC MATE - 0000569538,CHINA,TBD FAB TO BE DETERMINED,ANHUI GUANGGANG GAS ELECT-0000569538,ROR,X, ,0,0,1000,?
400,569020_569020_568554,10,ES,LABORATORIOS FARMACEUTICOS,15 HOUSE ACCOUNT,LABORATORIOS FARMACEUTICOS - 0000569020,EUROPE,NOFAB NO FAB IDENTIFIED,LABORATORIOS FARMACEUTICO-0000569020,ROR,X, ,0,0,1000,?
400,569624_569624_569624,10,HK,UE SEMI LIMITED SCP,15 HOUSE ACCOUNT,UE SEMI LIMITED SCP - 0000569624,CHINA,TBD FAB TO BE DETERMINED,UE SEMI LIMITED SCP-0000569624,ROR,X, ,0,0,1000,?
400,569890_569890_569890,10,US,CIBUS BIOTECHNOLOGIES,15 HOUSE ACCOUNT,CIBUS BIOTECHNOLOGIES - 0000569890,NORTH AMERICA,NOFAB NO FAB IDENTIFIED,CIBUS BIOTECHNOLOGIES-0000569890,ROR,X, ,0,0,1000,?
400,569899_569899_569899,10,US,SOLENA SYSTEMS INC,15 HOUSE ACCOUNT,SOLENA SYSTEMS INC - 0000569899,NORTH AMERICA,TBD FAB TO BE DETERMINED,SOLENA SYSTEMS INC-0000569899,ROR,X, ,0,0,1000,?
400,569913_569913_569912,10,US,WAVEOPTICS LTD,15 HOUSE ACCOUNT,SNAP INC - 0000569912,NORTH AMERICA,TBD FAB TO BE DETERMINED,WAVEOPTICS LTD-0000569913,ROR,X, ,0,0,1000,?
400,569914_569914_566079,10,US,TWIST BIOSCIENCE CORP,15 HOUSE ACCOUNT,TWIST BIOSCIENCE CORP - 0000566079,NORTH AMERICA,TBD FAB TO BE DETERMINED,TWIST BIOSCIENCE CORP-0000569914,ROR,X, ,0,0,1000,?
400,569922_569922_569922,10,US,VITROLABS INC,15 HOUSE ACCOUNT,VITROLABS INC - 0000569922,NORTH AMERICA,TBD FAB TO BE DETERMINED,VITROLABS INC-0000569922,ROR,X, ,0,0,1000,?
400,569950_569950_528353,10,US,UNIVERSITY OF CALIFORNIA IRVINE,15 HOUSE ACCOUNT,UNIVERSITY OF CALIFORNIA - 0000504266,NORTH AMERICA,TBD FAB TO BE DETERMINED,UNIVERSITY OF CALIFORNIA-0000569950,ROR,X, ,0,0,1000,?
400,569963_569963_569962,10,US,CAPSIDA BIOTHERAPEUTICS,15 HOUSE ACCOUNT,CAPSIDA BIOTHERAPEUTICS - 0000569962,NORTH AMERICA,TBD FAB TO BE DETERMINED,CAPSIDA BIOTHERAPEUTICS-0000569963,ROR,X, ,0,0,1000,?
400,569967_569967_569967,10,US,UNITED THERAPEUTICS CORPORATION,15 HOUSE ACCOUNT,UNITED THERAPEUTICS CORPORATION - 0000569967,NORTH AMERICA,TBD FAB TO BE DETERMINED,UNITED THERAPEUTICS CORPO-0000569967,ROR,X, ,0,0,1000,?
400,570159_570159_510567,10,US,ROYCE INSTRUMENTS,15 HOUSE ACCOUNT,ROYCE INSTRUMENTS - 0000570159,NORTH AMERICA,TBD FAB TO BE DETERMINED,ROYCE INSTRUMENTS-0000570159,ROR,X, ,0,0,1000,?
400,570166_570166_570166,10,US,TOME BIOSCIENCES,15 HOUSE ACCOUNT,TOME BIOSCIENCES - 0000570166,NORTH AMERICA,TBD FAB TO BE DETERMINED,TOME BIOSCIENCES-0000570166,ROR,X, ,0,0,1000,?
400,570167_570167_553951,10,US,TECHNIC INC,15 HOUSE ACCOUNT,TECHNIC INC - 0000519080,NORTH AMERICA,TBD FAB TO BE DETERMINED,TECHNIC INC-0000570167,ROR,X, ,0,0,1000,?
400,570662_570662_556501,10,US,HISCO,15 HOUSE ACCOUNT,HISCO - 0000505343,NORTH AMERICA,TBD FAB TO BE DETERMINED,HISCO-0000570662,ROR,X, ,0,0,1000,?
400,570667_570667_570164,10,US,RESILIENCE,15 HOUSE ACCOUNT,RESILIENCE US INC - 0000570164,NORTH AMERICA,TBD FAB TO BE DETERMINED,RESILIENCE-0000570667,ROR,X, ,0,0,1000,?
400,570680_570680_570680,10,US,XCELL BIOSCIENCES INC,15 HOUSE ACCOUNT,XCELL BIOSCIENCES INC - 0000570680,NORTH AMERICA,TBD FAB TO BE DETERMINED,XCELL BIOSCIENCES INC-0000570680,ROR,X, ,0,0,1000,?
400,570694_570694_570694,10,US,GC MICRO CORPORATION,15 HOUSE ACCOUNT,GC MICRO CORPORATION - 0000570694,NORTH AMERICA,TBD FAB TO BE DETERMINED,GC MICRO CORPORATION-0000570694,ROR,X, ,0,0,1000,?
400,566585_566585_566585,10,US,MEDICAL DEVICE IMAGINEERING,15 HOUSE ACCOUNT,MEDICAL DEVICE IMAGINEERING - 0000566585,NORTH AMERICA,TBD FAB TO BE DETERMINED,MEDICAL DEVICE IMAGINEERI-0000566585,ROR,X, ,0,0,1000,?
400,566588_566588_548519,10,US,L3HARRIS TECHNOLOGIES GCS,15 HOUSE ACCOUNT,HARRIS CORPORATION GCSD - 0000510229,NORTH AMERICA,TBD FAB TO BE DETERMINED,L3HARRIS TECHNOLOGIES GCS-0000566588,ROR,X, ,0,0,1000,?
400,566607_566607_503076,10,US,PENN STATE UNIVERSITY,15 HOUSE ACCOUNT,PENN STATE UNIVERSITY - 0000503075,NORTH AMERICA,TBD FAB TO BE DETERMINED,PENN STATE UNIVERSITY-0000566607,ROR,X, ,0,0,1000,?
400,566611_566611_566611,10,US,VELENTIUM LLC,15 HOUSE ACCOUNT,VELENTIUM LLC - 0000566611,NORTH AMERICA,TBD FAB TO BE DETERMINED,VELENTIUM LLC-0000566611,ROR,X, ,0,0,1000,?
400,566624_566624_566610,10,US,BLACKWATCH INTERNATIONAL,15 HOUSE ACCOUNT,BLACKWATCH INTERNATIONAL - 0000566610,NORTH AMERICA,TBD FAB TO BE DETERMINED,BLACKWATCH INTERNATIONAL-0000566624,ROR,X, ,0,0,1000,?
400,566642_566642_566610,10,US,BLACKWATCH INTERNATIONAL,15 HOUSE ACCOUNT,BLACKWATCH INTERNATIONAL - 0000566610,NORTH AMERICA,TBD FAB TO BE DETERMINED,BLACKWATCH INTERNATIONAL-0000566642,ROR,X, ,0,0,1000,?
400,566643_566643_544593,10,US,MARVELL SEMICONDUCTOR INC,15 HOUSE ACCOUNT,MARVELL SEMICONDUCTOR INC - 0000539638,NORTH AMERICA,TBD FAB TO BE DETERMINED,MARVELL SEMICONDUCTOR INC-0000566643,ROR,X, ,0,0,1000,?
400,566643_566643_557693,10,US,MARVELL SEMICONDUCTOR INC,15 HOUSE ACCOUNT,MARVELL SEMICONDUCTOR INC - 0000539638,NORTH AMERICA,TBD FAB TO BE DETERMINED,MARVELL SEMICONDUCTOR INC-0000566643,ROR,X, ,0,0,1000,?
400,566663_566663_566037,10,US,BRIGHAM AND WOMEN  HOSPITAL,15 HOUSE ACCOUNT,BRIGHAM AND WOMEN  HOSPITAL - 0000566663,NORTH AMERICA,TBD FAB TO BE DETERMINED,BRIGHAM AND WOMEN  HOSPIT-0000566663,ROR,X, ,0,0,1000,?
400,566678_566678_560404,10,US,ATHENEX DUNKIRK,15 HOUSE ACCOUNT,ATHENEX PHARMACEUTICALS - 0000560404,NORTH AMERICA,TBD FAB TO BE DETERMINED,ATHENEX DUNKIRK-0000566678,ROR,X, ,0,0,1000,?
400,568088_568088_531943,10,US,YIELD ENGINEERINGSYSTEMS INC,15 HOUSE ACCOUNT,YIELD ENGINEERING SYSTEMS - 0000529778,NORTH AMERICA,NOFAB NO FAB IDENTIFIED,YIELD ENGINEERINGSYSTEMS-0000568088,ROR,X, ,0,0,1000,?
400,568122_568122_556713,10,US,SMITHS INTERCONNECT,15 HOUSE ACCOUNT,SMITHS INTERCONNECT SA - 0000556713,NORTH AMERICA,TBD FAB TO BE DETERMINED,SMITHS INTERCONNECT-0000568122,ROR,X, ,0,0,1000,?
400,568122_568122_558579,10,US,SMITHS INTERCONNECT,15 HOUSE ACCOUNT,SMITHS INTERCONNECT SA - 0000556713,NORTH AMERICA,TBD FAB TO BE DETERMINED,SMITHS INTERCONNECT-0000568122,ROR,X, ,0,0,1000,?
400,568133_568133_568133,10,US,HART ENGINEERING CORPORATION,15 HOUSE ACCOUNT,HART ENGINEERING CORPORATION - 0000568133,NORTH AMERICA,TBD FAB TO BE DETERMINED,HART ENGINEERING CORPORAT-0000568133,ROR,X, ,0,0,1000,?
400,568136_568136_568136,10,US,METALENZ INC,15 HOUSE ACCOUNT,METALENZ INC - 0000568136,NORTH AMERICA,TBD FAB TO BE DETERMINED,METALENZ INC-0000568136,ROR,X, ,0,0,1000,?
400,568143_568143_555877,10,US,EASTERN INDUSTRIAL AUTOMATION,15 HOUSE ACCOUNT,EASTERN INDUSTRIAL AUTOMATION - 0000555877,NORTH AMERICA,TBD FAB TO BE DETERMINED,EASTERN INDUSTRIAL AUTOMA-0000568143,ROR,X, ,0,0,1000,?
400,568180_568180_505597,10,US,RJR TECHNOLOGIES,15 HOUSE ACCOUNT,RJR TECHNOLOGIES - 0000568180,NORTH AMERICA,TBD FAB TO BE DETERMINED,RJR TECHNOLOGIES-0000568180,ROR,X, ,0,0,1000,?
400,568183_568183_568180,10,US,RJR TECHNOLOGIES,15 HOUSE ACCOUNT,RJR TECHNOLOGIES - 0000568180,NORTH AMERICA,TBD FAB TO BE DETERMINED,RJR TECHNOLOGIES-0000568183,ROR,X, ,0,0,1000,?
400,568896_568896_506991,10,US,HONEYWELL ELECTRONIC CHEMICALS LLC,15 HOUSE ACCOUNT,HONEYWELL INTERNATIONAL INC - 0000500181,NORTH AMERICA,TBD FAB TO BE DETERMINED,HONEYWELL ELECTRONIC CHEM-0000568896,ROR,X, ,0,0,1000,?
400,568899_568899_568899,10,US,SMITHS INTERCONNECT,15 HOUSE ACCOUNT,SMITHS INTERCONNECT - 0000568899,NORTH AMERICA,TBD FAB TO BE DETERMINED,SMITHS INTERCONNECT-0000568899,ROR,X, ,0,0,1000,?
400,568937_568937_568937,10,US,NANOCOMPOSIX,15 HOUSE ACCOUNT,NANOCOMPOSIX - 0000568937,NORTH AMERICA,TBD FAB TO BE DETERMINED,NANOCOMPOSIX-0000568937,ROR,X, ,0,0,1000,?
400,569006_569006_538301,10,US,KandS INDUSTRIES HORSHAM,15 HOUSE ACCOUNT,KandS INDUSTRIES HORSHAM - 0000569006,NORTH AMERICA,TBD FAB TO BE DETERMINED,KandS INDUSTRIES HORSHAM-0000569006,ROR,X, ,0,0,1000,?
400,569021_569021_568719,10,US,MASY BIOSERVICES,15 HOUSE ACCOUNT,MASY BIOSERVICES - 0000569021,NORTH AMERICA,NOFAB NO FAB IDENTIFIED,MASY BIOSERVICES-0000569021,ROR,X, ,0,0,1000,?
400,569024_569024_568725,10,US,BIOWEST USA,15 HOUSE ACCOUNT,BIOWEST USA - 0000568725,NORTH AMERICA,NOFAB NO FAB IDENTIFIED,BIOWEST USA-0000569024,ROR,X, ,0,0,1000,?
400,569025_569025_561172,10,US,COGNATE BIOSERVICES INC,15 HOUSE ACCOUNT,COGNATE BIOSERVICES INC - 0000568732,NORTH AMERICA,NOFAB NO FAB IDENTIFIED,COGNATE BIOSERVICES INC-0000569025,ROR,X, ,0,0,1000,?
400,569025_569025_568732,10,US,COGNATE BIOSERVICES INC,15 HOUSE ACCOUNT,COGNATE BIOSERVICES INC - 0000568732,NORTH AMERICA,NOFAB NO FAB IDENTIFIED,COGNATE BIOSERVICES INC-0000569025,ROR,X, ,0,0,1000,?
400,569026_569026_565681,10,US,EXELEAD,15 HOUSE ACCOUNT,EXELEAD INC - 0000565681,NORTH AMERICA,NOFAB NO FAB IDENTIFIED,EXELEAD-0000569026,ROR,X, ,0,0,1000,?
400,569027_569027_568742,10,US,KASHIV BIOSCIENCES LLC,15 HOUSE ACCOUNT,KASHIV BIOSCIENCES - 0000568742,NORTH AMERICA,NOFAB NO FAB IDENTIFIED,KASHIV BIOSCIENCES LLC-0000569027,ROR,X, ,0,0,1000,?
400,569029_569029_568754,10,US,REPERTOIRE IMMUNE MEDICINES,15 HOUSE ACCOUNT,REPERTOIRE IMMUNE MEDICINES - 0000569029,NORTH AMERICA,NOFAB NO FAB IDENTIFIED,REPERTOIRE IMMUNE MEDICIN-0000569029,ROR,X, ,0,0,1000,?
400,569036_569036_569036,10,US,HARCOSEMCO LLC,15 HOUSE ACCOUNT,HARCOSEMCO LLC - 0000569036,NORTH AMERICA,TBD FAB TO BE DETERMINED,HARCOSEMCO LLC-0000569036,ROR,X, ,0,0,1000,?
400,569517_569517_503076,10,US,PENN STATE UNIVERSITY,15 HOUSE ACCOUNT,PENN STATE UNIVERSITY - 0000503075,NORTH AMERICA,TBD FAB TO BE DETERMINED,PENN STATE UNIVERSITY-0000569517,ROR,X, ,0,0,1000,?
400,569548_569548_569549,10,US,APOLLO MECHANICAL JOBSITE,15 HOUSE ACCOUNT,APOLLO SHEET METAL INC - 0000552554,NORTH AMERICA,TBD FAB TO BE DETERMINED,APOLLO MECHANICAL JOBSITE-0000569548,ROR,X, ,0,0,1000,?
400,569559_569559_551359,10,US,CARDIAC PACEMAKERS INC,15 HOUSE ACCOUNT,CARDIAC PACEMAKERS INC - 0000500613,NORTH AMERICA,TBD FAB TO BE DETERMINED,CARDIAC PACEMAKERS INC-0000569559,ROR,X, ,0,0,1000,?
400,569583_569583_554360,10,US,FUJIKURA AMERICA INC,15 HOUSE ACCOUNT,FUJIKURA AMERICA INC - 0000554360,NORTH AMERICA,TBD FAB TO BE DETERMINED,FUJIKURA AMERICA INC-0000569583,ROR,X, ,0,0,1000,?
400,569599_569599_554453,10,US,SPACE EXPLORATION TECHNOLOGIES,15 HOUSE ACCOUNT,SPACE EXPLORATION TECHNOLOGIES - 0000554453,NORTH AMERICA,TBD FAB TO BE DETERMINED,SPACE EXPLORATION TECHNOL-0000569599,ROR,X, ,0,0,1000,?
400,569602_569602_564277,10,US,MESSER LLC,15 HOUSE ACCOUNT,MESSER GROUP - 0000563463,NORTH AMERICA,TBD FAB TO BE DETERMINED,MESSER LLC-0000569602,ROR,X, ,0,0,1000,?
400,569603_569603_569511,10,US,HIGHPURIS LLC,15 HOUSE ACCOUNT,HIGHPURIS LLC - 0000560695,NORTH AMERICA,TBD FAB TO BE DETERMINED,HIGHPURIS LLC-0000569603,ROR,X, ,0,0,1000,?
400,569614_569614_569614,10,US,BIOFIRE DIAGNOSTICS LLC,15 HOUSE ACCOUNT,BIOFIRE DIAGNOSTICS LLC - 0000569614,NORTH AMERICA,TBD FAB TO BE DETERMINED,BIOFIRE DIAGNOSTICS LLC-0000569614,ROR,X, ,0,0,1000,?
400,569615_569615_569615,10,US,INCYTE CORPORATION,15 HOUSE ACCOUNT,INCYTE CORPORATION - 0000532726,NORTH AMERICA,TBD FAB TO BE DETERMINED,INCYTE CORPORATION-0000569615,ROR,X, ,0,0,1000,?
400,569629_569629_559022,10,US,GENCURE BIOTECHNOLOGY CO,15 HOUSE ACCOUNT,GENCURE - 0000559022,NORTH AMERICA,TBD FAB TO BE DETERMINED,GENCURE BIOTECHNOLOGY CO-0000569629,ROR,X, ,0,0,1000,?
400,569630_569630_560614,10,US,MATTHEWS INTERNATIONAL,15 HOUSE ACCOUNT,MATTHEWS INTERNATIONAL / IMTECH - 0000556404,NORTH AMERICA,TBD FAB TO BE DETERMINED,MATTHEWS INTERNATIONAL-0000569630,ROR,X, ,0,0,1000,?
400,569655_569655_569654,10,US,XPERI CORPORATION,15 HOUSE ACCOUNT,XPERI CORPORATION - 0000569654,NORTH AMERICA,TBD FAB TO BE DETERMINED,XPERI CORPORATION-0000569655,ROR,X, ,0,0,1000,?
400,IC4230_IC4230_560291,10,CN,ENTEGRIS (SHANGHAI) MICROELECTRONIC,? No Translation,ENTEGRIS INC     USE IC1000-INACTIV - 0000500000,CHINA,? No Translation,ENTEGRIS (SHANGHAI) MICRO-IC4230,?,X, ,0,0,1000,?
400,IC4230_IC4230_560838,10,CN,ENTEGRIS (SHANGHAI) MICROELECTRONIC,? No Translation,ENTEGRIS INC     USE IC1000-INACTIV - 0000500000,CHINA,? No Translation,ENTEGRIS (SHANGHAI) MICRO-IC4230,?,X, ,0,0,1000,?
400,IC4230_IC4230_560843,10,CN,ENTEGRIS (SHANGHAI) MICROELECTRONIC,? No Translation,ENTEGRIS INC     USE IC1000-INACTIV - 0000500000,CHINA,? No Translation,ENTEGRIS (SHANGHAI) MICRO-IC4230,?,X, ,0,0,1000,?
400,IC4220_IC4220_505214,10,TW,ENTEGRIS ASIA LLC TW BRANCH,? No Translation,ENTEGRIS INC     USE IC1000-INACTIV - 0000500000,TAIWAN,TBD FAB TO BE DETERMINED,ENTEGRIS ASIA LLC TW BRAN-IC4220,?,X, ,0,0,1000,?
400,569019_569019_568554,10,CH,MODERNA SWITZERLAND GMBH,02 STRATEGIC ACCT,MODERNA THERAPEUTICS - 0000560703,EUROPE,NOFAB NO FAB IDENTIFIED,MODERNA SWITZERLAND GMBH-0000569019,ROR,X, ,0,0,1000,?
400,569536_569536_569536,10,CN,AIR LIQUIDE (SHENZHEN) INDUSTRIAL G,02 STRATEGIC ACCT,AIR LIQUIDE - 0000553218,CHINA,TBD FAB TO BE DETERMINED,AIR LIQUIDE (SHENZHEN) IN-0000569536,ROR,X, ,0,0,1000,?
400,566602_566602_568554,10,ES,MODERNA SWITZERLAND GMBH,02 STRATEGIC ACCT,MODERNA THERAPEUTICS - 0000560703,EUROPE,TBD FAB TO BE DETERMINED,MODERNA SWITZERLAND GMBH-0000566602,ROR,X, ,0,0,1000,?
400,566580_566580_556916,10,SA,KING ABDULLAH UNIVERSITY OF SCIENCE,02 STRATEGIC ACCT,KING ABDULLAH UNIVERSITY OF SCIENCE - 0000546106,EUROPE,NOFAB NO FAB IDENTIFIED,KING ABDULLAH UNIVERSITY-0000566580,ROR,X, ,0,0,1000,?
400,570689_570689_560262,10,SG,AIR LIQUIDE,02 STRATEGIC ACCT,AIR LIQUIDE - 0000553218,SE ASIA,TBD FAB TO BE DETERMINED,AIR LIQUIDE-0000570689,ROR,X, ,0,0,1000,?
400,566665_566665_560262,10,SG,AIR LIQUIDE,02 STRATEGIC ACCT,AIR LIQUIDE - 0000553218,SE ASIA,TBD FAB TO BE DETERMINED,AIR LIQUIDE-0000566665,ROR,X, ,0,0,1000,?
400,570688_570688_570688,10,TW,AIR LIQUIDE FAR EASTERN LTD,02 STRATEGIC ACCT,AIR LIQUIDE - 0000553218,TAIWAN,TBD FAB TO BE DETERMINED,AIR LIQUIDE FAR EASTERN L-0000570688,ROR,X, ,0,0,1000,?
400,566707_566707_519612,10,TW,WINBOND  ELECTRONICS CORPORATION,02 STRATEGIC ACCT,WINBOND ELECTRONICS CORP - 0000519612,TAIWAN,TBD FAB TO BE DETERMINED,WINBOND  ELECTRONICS CORP-0000566707,ROR,X, ,0,0,1000,?
400,569911_569911_569910,10,US,ARCH MEDICAL SOLUTIONS BLANDON,02 STRATEGIC ACCT,ARCH MEDICAL SOLUTIONS BLANDON - 0000569910,NORTH AMERICA,TBD FAB TO BE DETERMINED,ARCH MEDICAL SOLUTIONS BL-0000569911,ROR,X, ,0,0,1000,?
400,569934_569934_547693,10,US,MAQ HOLDINGS PTE LTD,02 STRATEGIC ACCT,CTS ELECTRONICS COMPONENTS INC - 0000547693,NORTH AMERICA,NOFAB NO FAB IDENTIFIED,MAQ HOLDINGS PTE LTD-0000569934,ROR,X, ,0,0,1000,?
400,569935_569935_563822,10,US,TEXAS INSTRUMENTS,02 STRATEGIC ACCT,TEXAS INSTRUMENTS - 0000509019,NORTH AMERICA,TBD FAB TO BE DETERMINED,TEXAS INSTRUMENTS-0000569935,ROR,X, ,0,0,1000,?
400,569976_569976_558214,10,US,RENESAS ELECTRONICS AMERICA INC,02 STRATEGIC ACCT,RENESAS ELECTRONICS - 0000519939,NORTH AMERICA,TBD FAB TO BE DETERMINED,RENESAS ELECTRONICS AMERI-0000569976,ROR,X, ,0,0,1000,?
400,569989_569989_569981,10,US,LIFE TECHNOLOGIES,02 STRATEGIC ACCT,FISHER SCIENTIFIC - 0000501266,NORTH AMERICA,TBD FAB TO BE DETERMINED,LIFE TECHNOLOGIES-0000569989,ROR,X, ,0,0,1000,?
400,569990_569990_568699,10,US,WUXI BIOLOGICS,02 STRATEGIC ACCT,WUXI BIOLOGICS USA LLC - 0000568699,NORTH AMERICA,TBD FAB TO BE DETERMINED,WUXI BIOLOGICS-0000569990,ROR,X, ,0,0,1000,?
400,569998_569998_569998,10,US,NORTHWEST FLUID SOLUTIONS INC,02 STRATEGIC ACCT,NORTHWEST FLUID SOLUTIONS INC - 0000569998,NORTH AMERICA,TBD FAB TO BE DETERMINED,NORTHWEST FLUID SOLUTIONS-0000569998,ROR,X, ,0,0,1000,?
400,570168_570168_570168,10,US,PSIQUANTUM CORP,02 STRATEGIC ACCT,PSIQUANTUM CORP - 0000570168,NORTH AMERICA,TBD FAB TO BE DETERMINED,PSIQUANTUM CORP-0000570168,ROR,X, ,0,0,1000,?
400,570177_570177_552934,10,US,KEYSIGHT TECHNOLOGIES,02 STRATEGIC ACCT,KEYSIGHT TECHNOLOGIES INC - 0000552934,NORTH AMERICA,TBD FAB TO BE DETERMINED,KEYSIGHT TECHNOLOGIES-0000570177,ROR,X, ,0,0,1000,?
400,570668_570668_559367,10,US,FLUID LIFE LIMITED,02 STRATEGIC ACCT,FLUID LIFE CORPORATION - 0000558265,NORTH AMERICA,TBD FAB TO BE DETERMINED,FLUID LIFE LIMITED-0000570668,ROR,X, ,0,0,1000,?
400,566163_566163_566163,10,US,MICRO RECLAIM TECHNOLOGIES LLC,02 STRATEGIC ACCT,MICRO RECLAIM TECHNOLOGIES LLC - 0000566163,NORTH AMERICA,NOFAB NO FAB IDENTIFIED,MICRO RECLAIM TECHNOLOGIE-0000566163,ROR,X, ,0,0,1000,?
400,566165_566165_562014,10,US,HAAS GROUP INTERNATIONAL LLC,02 STRATEGIC ACCT,HAAS GROUP - 0000544329,NORTH AMERICA,NOFAB NO FAB IDENTIFIED,HAAS GROUP INTERNATIONAL-0000566165,ROR,X, ,0,0,1000,?
400,566166_566166_562014,10,US,HAAS GROUP INTERNATIONAL LLC,02 STRATEGIC ACCT,HAAS GROUP - 0000544329,NORTH AMERICA,NOFAB NO FAB IDENTIFIED,HAAS GROUP INTERNATIONAL-0000566166,ROR,X, ,0,0,1000,?
400,566591_566591_566591,10,US,BARENTZ,02 STRATEGIC ACCT,BARENTZ - 0000566591,NORTH AMERICA,TBD FAB TO BE DETERMINED,BARENTZ-0000566591,ROR,X, ,0,0,1000,?
400,566592_566592_566517,10,US,ATARA BIOTHERAPEUTICS INC,02 STRATEGIC ACCT,ATARA BIOTHERAPEUTICS INC - 0000566517,NORTH AMERICA,TBD FAB TO BE DETERMINED,ATARA BIOTHERAPEUTICS INC-0000566592,ROR,X, ,0,0,1000,?
400,566603_566603_564711,10,US,JABIL CIRCUIT,02 STRATEGIC ACCT,JABIL CIRCUIT LTD - 0000537203,NORTH AMERICA,TBD FAB TO BE DETERMINED,JABIL CIRCUIT-0000566603,ROR,X, ,0,0,1000,?
400,566603_566603_569849,10,US,JABIL CIRCUIT,02 STRATEGIC ACCT,JABIL CIRCUIT LTD - 0000537203,NORTH AMERICA,TBD FAB TO BE DETERMINED,JABIL CIRCUIT-0000566603,ROR,X, ,0,0,1000,?
400,566609_566609_566608,10,US,BAYER HEALTHCARE LLC,02 STRATEGIC ACCT,BAYER HEALTHCARE LLC - 0000558344,NORTH AMERICA,TBD FAB TO BE DETERMINED,BAYER HEALTHCARE LLC-0000566609,ROR,X, ,0,0,1000,?
400,566620_566620_532372,10,US,BIOGEN,02 STRATEGIC ACCT,BIOGEN IDEC - 0000532374,NORTH AMERICA,TBD FAB TO BE DETERMINED,BIOGEN-0000566620,ROR,X, ,0,0,1000,?
400,566662_566662_501266,10,US,HIGH POINT UNIVERSITY,02 STRATEGIC ACCT,FISHER SCIENTIFIC - 0000501266,NORTH AMERICA,TBD FAB TO BE DETERMINED,HIGH POINT UNIVERSITY-0000566662,ROR,X, ,0,0,1000,?
400,566715_566715_568094,10,US,CAPS PHARMACY,02 STRATEGIC ACCT,CAPS PHARMACY - 0000566715,NORTH AMERICA,NOFAB NO FAB IDENTIFIED,CAPS PHARMACY-0000566715,ROR,X, ,0,0,1000,?
400,566721_566721_566715,10,US,CENTRAL ADMIXTURE PHARMACY SERVICES,02 STRATEGIC ACCT,CAPS PHARMACY - 0000566715,NORTH AMERICA,NOFAB NO FAB IDENTIFIED,CENTRAL ADMIXTURE PHARMAC-0000566721,ROR,X, ,0,0,1000,?
400,566721_566721_568094,10,US,CENTRAL ADMIXTURE PHARMACY SERVICES,02 STRATEGIC ACCT,CAPS PHARMACY - 0000566715,NORTH AMERICA,NOFAB NO FAB IDENTIFIED,CENTRAL ADMIXTURE PHARMAC-0000566721,ROR,X, ,0,0,1000,?
400,568093_568093_509431,10,US,SCI LLC DBA ON SEMICONODUCTOR,02 STRATEGIC ACCT,ON SEMICONDUCTOR - 0000509239,NORTH AMERICA,TBD FAB TO BE DETERMINED,SCI LLC DBA ON SEMICONODU-0000568093,ROR,X, ,0,0,1000,?
400,568123_568123_568123,10,US,STERLITECH CORPORATION,02 STRATEGIC ACCT,STERLITECH CORPORATION - 0000565786,NORTH AMERICA,TBD FAB TO BE DETERMINED,STERLITECH CORPORATION-0000568123,ROR,X, ,0,0,1000,?
400,568175_568175_568175,10,US,NTACT,02 STRATEGIC ACCT,NTACT - 0000568175,NORTH AMERICA,TBD FAB TO BE DETERMINED,NTACT-0000568175,ROR,X, ,0,0,1000,?
400,568184_568184_564336,10,US,CAROLINA COMPONENTS GROUP INC,02 STRATEGIC ACCT,CAROLINA COMPONENTS GROUP - 0000570347,NORTH AMERICA,TBD FAB TO BE DETERMINED,CAROLINA COMPONENTS GROUP-0000568184,ROR,X, ,0,0,1000,?
400,568849_568849_504046,10,US,TEXAS INSTRUMENTS INC,02 STRATEGIC ACCT,TEXAS INSTRUMENTS - 0000509019,NORTH AMERICA,TBD FAB TO BE DETERMINED,TEXAS INSTRUMENTS INC-0000568849,ROR,X, ,0,0,1000,?
400,568862_568862_568862,10,US,SKYWORKS SOLUTIONS,02 STRATEGIC ACCT,SKYWORKS SOLUTIONS INC - 0000500201,NORTH AMERICA,TBD FAB TO BE DETERMINED,SKYWORKS SOLUTIONS-0000568862,ROR,X, ,0,0,1000,?
400,568911_568911_566703,10,US,LINDE INC,02 STRATEGIC ACCT,LINDE GAS LLC - 0000536074,NORTH AMERICA,TBD FAB TO BE DETERMINED,LINDE INC-0000568911,ROR,X, ,0,0,1000,?
400,568917_568917_568917,10,US,NORTHSTAR MEDICAL RADIOISTOPES,02 STRATEGIC ACCT,NORTHSTAR MEDICAL RADIOISTOPES - 0000568917,NORTH AMERICA,TBD FAB TO BE DETERMINED,NORTHSTAR MEDICAL RADIOIS-0000568917,ROR,X, ,0,0,1000,?
400,568932_568932_554546,10,US,QORVO USA,02 STRATEGIC ACCT,QORVO - 0000554546,NORTH AMERICA,TBD FAB TO BE DETERMINED,QORVO USA-0000568932,ROR,X, ,0,0,1000,?
400,568932_568932_568932,10,US,QORVO USA,02 STRATEGIC ACCT,QORVO - 0000554546,NORTH AMERICA,TBD FAB TO BE DETERMINED,QORVO USA-0000568932,ROR,X, ,0,0,1000,?
400,568976_568976_568680,10,US,WOLFSPEED,02 STRATEGIC ACCT,WOLFSPEED - 0000568680,NORTH AMERICA,TBD FAB TO BE DETERMINED,WOLFSPEED-0000568976,ROR,X, ,0,0,1000,?
400,568976_570393_568680,10,US,WOLFSPEED,02 STRATEGIC ACCT,WOLFSPEED - 0000568680,NORTH AMERICA,TBD FAB TO BE DETERMINED,WOLFSPEED-0000570393,ROR,X, ,0,0,1000,?
400,568989_568989_529408,10,US,LINDE,02 STRATEGIC ACCT,LINDE GAS LLC - 0000536074,NORTH AMERICA,TBD FAB TO BE DETERMINED,LINDE-0000568989,ROR,X, ,0,0,1000,?
400,569005_569005_569005,10,US,KYTOPEN CORP,02 STRATEGIC ACCT,KYTOPEN CORP - 0000569005,NORTH AMERICA,TBD FAB TO BE DETERMINED,KYTOPEN CORP-0000569005,ROR,X, ,0,0,1000,?
400,569022_569022_558087,10,US,ALNYLAM US INC,02 STRATEGIC ACCT,ALNYLAM PHARMACEUTICALS - 0000558087,NORTH AMERICA,NOFAB NO FAB IDENTIFIED,ALNYLAM US INC-0000569022,ROR,X, ,0,0,1000,?
400,569022_569022_568696,10,US,ALNYLAM US INC,02 STRATEGIC ACCT,ALNYLAM PHARMACEUTICALS - 0000558087,NORTH AMERICA,NOFAB NO FAB IDENTIFIED,ALNYLAM US INC-0000569022,ROR,X, ,0,0,1000,?
400,569022_569022_570155,10,US,ALNYLAM US INC,02 STRATEGIC ACCT,ALNYLAM PHARMACEUTICALS - 0000558087,NORTH AMERICA,NOFAB NO FAB IDENTIFIED,ALNYLAM US INC-0000569022,ROR,X, ,0,0,1000,?
400,569023_569023_568309,10,US,ADVANCED REGENERATIVE MFG,02 STRATEGIC ACCT,ADVANCED REGENERATIVE MANUFACTURING - 0000568309,NORTH AMERICA,NOFAB NO FAB IDENTIFIED,ADVANCED REGENERATIVE MFG-0000569023,ROR,X, ,0,0,1000,?
400,569584_569584_566321,10,US,INTELLIA THERAPEUTICS,02 STRATEGIC ACCT,INTELLIA THERAPEUTICS - 0000566321,NORTH AMERICA,TBD FAB TO BE DETERMINED,INTELLIA THERAPEUTICS-0000569584,ROR,X, ,0,0,1000,?
400,569586_569586_569586,10,US,EXCELITAS TECHNOLOGIES,02 STRATEGIC ACCT,EXCELITAS CANADA INC. - 0000547163,NORTH AMERICA,TBD FAB TO BE DETERMINED,EXCELITAS TECHNOLOGIES-0000569586,ROR,X, ,0,0,1000,?
400,569604_569604_555112,10,US,WOLSELEY INDUSTRIAL,02 STRATEGIC ACCT,WOLSELEY INDUSTRIAL GROUP - 0000555112,NORTH AMERICA,NOFAB NO FAB IDENTIFIED,WOLSELEY INDUSTRIAL-0000569604,ROR,X, ,0,0,1000,?
400,569639_569639_569639,10,US,IDEX HEALTH AND SCIENCE,02 STRATEGIC ACCT,IDEX HEALTH and SCIENCE LLC - 0000545407,NORTH AMERICA,TBD FAB TO BE DETERMINED,IDEX HEALTH AND SCIENCE-0000569639,ROR,X, ,0,0,1000,?
400,569667_569667_568459,10,US,SUNLIT ARIZONA LLC,02 STRATEGIC ACCT,SUNLIT ARIZONA LLC - 0000570642,NORTH AMERICA,TBD FAB TO BE DETERMINED,SUNLIT ARIZONA LLC-0000569667,ROR,X, ,0,0,1000,?
400,555369_570112_565789,10,IE,CHEMCO (IRELAND) LTD,22 KAM - CHEMICAL,ENTEGRIS INC     USE IC1000-INACTIV - 0000500000,EUROPE,NOFAB NO FAB IDENTIFIED,CMC MATERIALS EC  INC-0000570112,KAM2,X, ,0,0,1000,?
400,539381_570111_539381,10,US,INTERNATIONAL TEST SOLUTIONS USE 57,22 KAM - CHEMICAL,ENTEGRIS INC     USE IC1000-INACTIV - 0000500000,NORTH AMERICA,? No Translation,INTERNATIONAL TEST SOLUTI-0000570111,KAM2,X, ,0,0,1000,?
400,551035_570112_565789,10,US,KMG ELECTRONIC CHEMICALS,22 KAM - CHEMICAL,ENTEGRIS INC     USE IC1000-INACTIV - 0000500000,NORTH AMERICA,TBD FAB TO BE DETERMINED,CMC MATERIALS EC  INC-0000570112,KAM2,X, ,0,0,1000,?
400,560565_570112_565789,10,US,RINCHEM COMPANY,22 KAM - CHEMICAL,ENTEGRIS INC     USE IC1000-INACTIV - 0000500000,NORTH AMERICA,NOFAB NO FAB IDENTIFIED,CMC MATERIALS EC  INC-0000570112,KAM2,X, ,0,0,1000,?
400,566022_570112_565789,10,US,CMC MATERIALS EC INC USE 570359,22 KAM - CHEMICAL,ENTEGRIS INC     USE IC1000-INACTIV - 0000500000,NORTH AMERICA,TBD FAB TO BE DETERMINED,CMC MATERIALS EC  INC-0000570112,KAM2,X, ,0,0,1000,?
400,568894_568894_568893,10,US,FUJIFILM IRVINE SCIENTIFIC,22 KAM - CHEMICAL,FUJI FILM - 0000516787,NORTH AMERICA,TBD FAB TO BE DETERMINED,FUJIFILM IRVINE SCIENTIFI-0000568894,KAM2,X, ,0,0,1000,?
400,568137_568137_568137,10,US,MARKETECH INTERNATIONAL CORP USA,EC ENGINEERING COMPANY,MARKETECH INTERNATIONAL - 0000512921,NORTH AMERICA,TBD FAB TO BE DETERMINED,MARKETECH INTERNATIONAL C-0000568137,ROR,X, ,0,0,1000,?
400,570653_570653_502041,10,US,KLA TENCOR,OF SEMI OEM,KLA CORPORATION - 0000545143,NORTH AMERICA,TBD FAB TO BE DETERMINED,KLA TENCOR-0000570653,ROR,X, ,0,0,1000,?
400,566570_566570_504978,10,TW,TSMC - 1280,GE KAM - TSMC,TAIWAN SEMICONDUCTOR MANF CO LTD - 0000504978,TAIWAN,TBD FAB TO BE DETERMINED,TSMC - 1280-0000566570,KAM1,X, ,0,0,1000,?
400,538477_569336_538477,10,NL,ASML NETHERLANDS BV,OC KAM - ASML,ASML - 0000503906,EUROPE,NOFAB NO FAB IDENTIFIED,ASML BERLIN GMBH-0000569336,KAM2,X, ,0,0,1000,?
400,570382_570382_557194,10,IE,INTEL IRELAND LTD,GA KAM - INTEL,INTEL CORPORATION - 0000501841,EUROPE,TBD FAB TO BE DETERMINED,INTEL IRELAND LTD-0000570382,KAM1,X, ,0,0,1000,?
400,570089_570089_570046,10,US,GENTIBIO,Z8 NOT ASSIGNED,GENTIBIO INC - 0000570046,NORTH AMERICA,TBD FAB TO BE DETERMINED,GENTIBIO-0000570089,ROR,X, ,0,0,1000,?
400,568815_568815_568815,10,AR,EQUIPAMIENTOS ANALITICOS SA,15 HOUSE ACCOUNT,EQUIPAMIENTOS ANALITICOS SA - 0000568815,NORTH AMERICA,TBD FAB TO BE DETERMINED,EQUIPAMIENTOS ANALITICOS-0000568815,ROR,X, ,0,0,1000,?
400,568772_568772_568736,10,CA,ELANCO CANADA LIMITED,15 HOUSE ACCOUNT,ELANCO CANADA LIMITED - 0000568736,NORTH AMERICA,TBD FAB TO BE DETERMINED,ELANCO CANADA LIMITED-0000568772,ROR,X, ,0,0,1000,?
400,570088_570088_569964,10,US,PASSAGE BIO,15 HOUSE ACCOUNT,PASSAGE BIO - 0000569964,NORTH AMERICA,TBD FAB TO BE DETERMINED,PASSAGE BIO-0000570088,ROR,X, ,0,0,1000,?
400,570294_570294_518939,10,US,FORMFACTOR INC,15 HOUSE ACCOUNT,FORMFACTOR INC - 0000518939,NORTH AMERICA,NOFAB NO FAB IDENTIFIED,FORMFACTOR INC-0000570294,ROR,X, ,0,0,1000,?
400,570330_570330_557169,10,US,INSPECTROLOGY LLC,15 HOUSE ACCOUNT,INSPECTROLOGY LLC - 0000557169,NORTH AMERICA,TBD FAB TO BE DETERMINED,INSPECTROLOGY LLC-0000570330,ROR,X, ,0,0,1000,?
400,570335_570335_568181,10,US,NLIGHT,15 HOUSE ACCOUNT,NLIGHT INC - 0000568181,NORTH AMERICA,NOFAB NO FAB IDENTIFIED,NLIGHT-0000570335,ROR,X, ,0,0,1000,?
400,570336_570336_570336,10,US,RYAN HERCO FLOW SOLUTIONS,15 HOUSE ACCOUNT,RYAN HERCO FLOW SOLUTIONS - 0000550485,NORTH AMERICA,TBD FAB TO BE DETERMINED,RYAN HERCO FLOW SOLUTIONS-0000570336,ROR,X, ,0,0,1000,?
400,570337_570337_537152,10,US,IC-TRONIX INC,15 HOUSE ACCOUNT,IC-TRONIX - 0000537152,NORTH AMERICA,TBD FAB TO BE DETERMINED,IC-TRONIX INC-0000570337,ROR,X, ,0,0,1000,?
400,570389_570389_570164,10,US,RESILIENCE,15 HOUSE ACCOUNT,RESILIENCE US INC - 0000570164,NORTH AMERICA,TBD FAB TO BE DETERMINED,RESILIENCE-0000570389,ROR,X, ,0,0,1000,?
400,570543_570543_570543,10,US,IN DIAGNOSTICS INC,15 HOUSE ACCOUNT,IN DIAGNOSTICS INC - 0000570543,NORTH AMERICA,TBD FAB TO BE DETERMINED,IN DIAGNOSTICS INC-0000570543,ROR,X, ,0,0,1000,?